ticker,name,mode,n_days,first_date,last_date,gaps,apto_modelo,fast_score,grade,vol_annual,autocorr5,trend_r2,error
SAN.MC,Santander,ibex35,1609,2020-01-02,2026-04-16,0,True,35,~,0.36489654305190566,0.056586791049104586,0.8090494938759317,
BBVA.MC,BBVA,ibex35,1609,2020-01-02,2026-04-16,0,True,30,~,0.37151701982066826,0.053600971575645924,0.9219919210646506,
ITX.MC,Inditex,ibex35,1609,2020-01-02,2026-04-16,0,True,43,~,0.2814558608013419,0.0229222556431941,0.7881545259370832,
TEF.MC,Telefónica,ibex35,1609,2020-01-02,2026-04-16,0,True,55,✓,0.2786576124881406,0.04828145799452308,0.5623083445700403,
IBE.MC,Iberdrola,ibex35,1609,2020-01-02,2026-04-16,0,True,66,✓,0.21537611191449446,-0.03688287293243897,0.8146605878236388,
REP.MC,Repsol,ibex35,1609,2020-01-02,2026-04-16,0,True,35,~,0.34184358677042237,0.13620118357021216,0.7204156992078214,
AMS.MC,Amadeus IT,ibex35,1609,2020-01-02,2026-04-16,0,True,68,✓,0.3384812648364734,-0.03960942829996876,0.34803940322894433,
CLNX.MC,Cellnex,ibex35,1609,2020-01-02,2026-04-16,0,True,50,✓,0.3056983983127042,0.006878389131574173,0.6175922233896172,
FER.MC,Ferrovial,ibex35,1609,2020-01-02,2026-04-16,0,True,51,✓,0.25874342644992193,-0.008389859123770526,0.8617146673423021,
ACS.MC,ACS,ibex35,1609,2020-01-02,2026-04-16,0,True,30,~,0.3364456680910067,0.01471549051787332,0.8690526192254519,
ELE.MC,Endesa,ibex35,1609,2020-01-02,2026-04-16,0,True,63,✓,0.23498221613396628,-0.025963021810113413,0.5658625998613124,
NTGY.MC,Naturgy,ibex35,1609,2020-01-02,2026-04-16,0,True,63,✓,0.2629186833992633,0.004978815198941948,0.6994532955968882,
ENG.MC,Enagás,ibex35,1609,2020-01-02,2026-04-16,0,True,71,✓✓,0.22556598093470648,0.006167504862599768,0.0012830649430284335,
MAP.MC,Mapfre,ibex35,1609,2020-01-02,2026-04-16,0,True,48,~,0.2687319598802721,0.1295741640474735,0.8441669751730648,
CIE.MC,CIE Automotive,ibex35,1609,2020-01-02,2026-04-16,0,True,50,✓,0.3110456478222802,0.011465545830743929,0.6681794042859346,
VIS.MC,Viscofan,ibex35,1609,2020-01-02,2026-04-16,0,True,63,✓,0.2060894638315714,0.013884178792216931,0.6689360826583316,
ACX.MC,Acerinox,ibex35,1609,2020-01-02,2026-04-16,0,True,50,✓,0.31431050472508626,0.0026300663857163693,0.6734885215115143,
MRL.MC,Merlin Properties,ibex35,1609,2020-01-02,2026-04-16,0,True,35,~,0.3029416746832687,0.05682030685371087,0.7301133579544586,
LOG.MC,Logista,ibex35,1609,2020-01-02,2026-04-16,0,True,43,~,0.19994492230108016,0.051978762920578805,0.9536345000790776,
CABK.MC,CaixaBank,ibex35,1609,2020-01-02,2026-04-16,0,True,30,~,0.34514327573684017,0.0449038354655761,0.9348215499771836,
ASML.AS,ASML,stoxx50,1611,2020-01-02,2026-04-16,0,True,57,✓,0.38366455772666175,0.007048989603423505,0.694394218512449,
MC.PA,LVMH,stoxx50,1611,2020-01-02,2026-04-16,0,True,65,✓,0.30375815410056406,0.007941761208313771,0.22141973493494138,
SAP.DE,SAP,stoxx50,1601,2020-01-02,2026-04-16,0,True,42,~,0.29092369213957353,0.03100320594557209,0.6359951954226113,
SIE.DE,Siemens,stoxx50,1601,2020-01-02,2026-04-16,0,True,35,~,0.3172760885373754,0.06076610234179867,0.8400695174908697,
TTE.PA,TotalEnergies,stoxx50,1611,2020-01-02,2026-04-16,0,True,35,~,0.3040009467838275,0.08265373830223725,0.8169914161597452,
AIR.PA,Airbus,stoxx50,1611,2020-01-02,2026-04-16,0,True,35,~,0.394946897879618,0.02140516100907052,0.7843364246475445,
OR.PA,L'Oreal,stoxx50,1611,2020-01-02,2026-04-16,0,True,71,✓✓,0.24878482950121,0.019141372919185037,0.4920852120239022,
BNP.PA,BNP Paribas,stoxx50,1611,2020-01-02,2026-04-16,0,True,30,~,0.3434024599927696,0.06859580268966896,0.8603135162989518,
DTE.DE,Deutsche Telekom,stoxx50,1601,2020-01-02,2026-04-16,0,True,51,✓,0.2161546047147465,0.020185338983902193,0.9351761873713732,
ALV.DE,Allianz,stoxx50,1601,2020-01-02,2026-04-16,0,True,43,~,0.24932436059813012,0.052144802497304445,0.8757737506330248,
MUV2.DE,Munich Re,stoxx50,1601,2020-01-02,2026-04-16,0,True,51,✓,0.27760610967464433,-0.02980124765612284,0.9211084625884942,
BAS.DE,BASF,stoxx50,1601,2020-01-02,2026-04-16,0,True,50,✓,0.3034046202776149,0.03787986900968662,0.027138397847717544,
IFX.DE,Infineon,stoxx50,1601,2020-01-02,2026-04-16,0,True,58,✓,0.40577976038497,-0.008926995466699676,0.38223632132836727,
ENEL.MI,Enel,stoxx50,1599,2020-01-02,2026-04-16,0,True,71,✓✓,0.2480868767403715,0.00047906954425684027,0.3417471590631632,
UCG.MI,UniCredit,stoxx50,1599,2020-01-02,2026-04-16,0,True,30,~,0.3942409464192156,0.07323785632316847,0.9175528687326968,
PHIA.AS,Philips,stoxx50,1611,2020-01-02,2026-04-16,0,True,50,✓,0.3418553326627488,0.033948344879671785,0.23271272078342675,
AD.AS,Ahold Delhaize,stoxx50,1611,2020-01-02,2026-04-16,0,True,51,✓,0.20177356232590232,-0.002439566023662752,0.877527772066914,
ABI.BR,AB InBev,stoxx50,1611,2020-01-02,2026-04-16,0,True,50,✓,0.3022068305436557,-0.007681976674443768,0.22937984348532714,
SU.PA,Schneider Electric,stoxx50,1611,2020-01-02,2026-04-16,0,True,30,~,0.30269054529452577,0.055351751760242936,0.8883383375445274,
CS.PA,AXA,stoxx50,1611,2020-01-02,2026-04-16,0,True,43,~,0.26620918758884876,0.09412158395241135,0.9314408896886912,
BTC-USD,Bitcoin,crypto,2298,2020-01-01,2026-04-16,0,True,50,✓,0.5122906758677666,0.004972661902448427,0.6290878508286744,
ETH-USD,Ethereum,crypto,2298,2020-01-01,2026-04-16,0,True,56,✓,0.6850083453273127,-0.03484837392658477,0.44050451144909564,
SOL-USD,Solana,crypto,2198,2020-04-10,2026-04-16,0,True,38,~,1.0007678291950077,-0.020280613560966863,0.5238687748191099,
BNB-USD,BNB,crypto,2298,2020-01-01,2026-04-16,0,True,40,~,0.6899183392995526,-0.030368027830943823,0.6131583431960927,
XRP-USD,XRP,crypto,2298,2020-01-01,2026-04-16,0,True,38,~,0.8399069336785158,0.007422674117932152,0.520359040200371,
AVAX-USD,Avalanche,crypto,2035,2020-07-13,2026-04-16,1,False,46,~,0.9539492044296219,0.006330260619762471,7.301587841013202e-07,
DOGE-USD,Dogecoin,crypto,2298,2020-01-01,2026-04-16,0,True,48,~,1.097733700183032,-0.050839079906555264,0.4250894202502705,
ADA-USD,Cardano,crypto,2298,2020-01-01,2026-04-16,0,True,56,✓,0.821078895374033,-0.030655836284445813,0.10228418105557757,
