Date,Open,High,Low,Close,Volume
2020-01-02,28.3,28.71,28.11,28.68,143375718
2020-01-03,29.37,30.27,29.13,29.53,266920367
2020-01-06,29.36,30.1,29.33,30.1,152362424
2020-01-07,30.76,31.44,30.22,31.27,273136963
2020-01-08,31.58,33.23,31.22,32.81,467990616
2020-01-09,33.14,33.25,31.52,32.09,426947637
2020-01-10,32.12,32.33,31.58,31.88,194652353
2020-01-13,32.9,35.04,32.8,34.99,399518050
2020-01-14,36.28,36.49,34.99,35.86,435920482
2020-01-15,35.32,35.86,34.45,34.57,260532320
2020-01-16,32.92,34.3,32.81,34.23,326049587
2020-01-17,33.84,34.38,33.54,34.03,204435948
2020-01-21,35.35,36.57,35.23,36.48,267051916
2020-01-22,38.13,39.63,37.27,37.97,470535215
2020-01-23,37.62,38.8,37.04,38.15,294765453
2020-01-24,38.04,38.26,36.95,37.65,215303892
2020-01-27,36.13,37.63,35.95,37.2,204120948
2020-01-28,37.9,38.45,37.21,37.79,176827262
2020-01-29,38.38,39.32,37.83,38.73,273249913
2020-01-30,42.16,43.39,41.2,42.72,435084982
2020-01-31,42.67,43.53,42.17,43.37,235788932
2020-02-03,44.91,52.41,44.9,52.0,708502146
2020-02-04,58.86,64.6,55.59,59.14,914080943
2020-02-05,54.88,56.4,46.94,48.98,726357237
2020-02-06,46.66,53.06,45.8,49.93,598210951
2020-02-07,48.7,51.32,48.67,49.87,255952672
2020-02-10,53.33,54.67,50.16,51.42,370337215
2020-02-11,51.25,52.23,50.53,51.63,175461962
2020-02-12,51.86,52.65,50.89,51.15,180336960
2020-02-13,49.46,54.53,49.0,53.6,394340053
2020-02-14,52.48,54.2,52.37,53.34,235405532
2020-02-18,56.11,57.33,55.49,57.23,250475425
2020-02-19,61.57,62.99,60.07,61.16,381344209
2020-02-20,60.8,60.8,57.33,59.96,264523218
2020-02-21,60.47,60.87,58.7,60.07,215091642
2020-02-24,55.93,57.57,54.81,55.59,227882286
2020-02-25,56.6,57.11,52.47,53.33,259357070
2020-02-26,52.17,54.22,51.74,51.92,212307494
2020-02-27,48.67,49.32,44.6,45.27,364157218
2020-02-28,41.98,46.03,40.77,44.53,368462366
2020-03-02,47.42,49.58,45.78,49.57,302924699
2020-03-03,53.67,53.8,47.74,49.7,386759807
2020-03-04,50.93,51.1,48.32,49.97,225734587
2020-03-05,48.25,49.72,47.87,48.3,162789819
2020-03-06,46.0,47.13,45.62,46.9,189943705
2020-03-09,40.36,44.2,40.33,40.53,256105972
2020-03-10,43.96,44.53,40.53,43.02,233916483
2020-03-11,42.68,43.57,40.87,42.28,201203749
2020-03-12,38.73,39.63,36.42,37.37,283635608
2020-03-13,39.67,40.5,33.47,36.44,339603580
2020-03-16,31.3,32.99,29.48,29.67,307341746
2020-03-17,29.33,31.46,26.4,28.68,359918520
2020-03-18,25.93,26.99,23.37,24.08,356792222
2020-03-19,24.98,30.13,23.9,28.51,452931674
2020-03-20,29.21,31.8,28.39,28.5,424282288
2020-03-23,28.91,29.47,27.37,28.95,246818127
2020-03-24,31.82,34.25,31.6,33.67,343427378
2020-03-25,36.35,37.13,34.07,35.95,318341091
2020-03-26,36.49,37.33,34.15,35.21,261331069
2020-03-27,33.67,35.05,32.94,34.29,215661042
2020-03-30,34.02,34.44,32.75,33.48,179970960
2020-03-31,33.42,36.2,33.13,34.93,266572217
2020-04-01,33.6,34.26,31.67,32.1,200297600
2020-04-02,32.07,32.95,29.76,30.3,297876301
2020-04-03,33.97,34.37,31.23,32.0,338431031
2020-04-06,34.08,34.73,33.2,34.42,223527488
2020-04-07,36.33,37.67,35.49,36.36,268796566
2020-04-08,36.95,37.15,35.56,36.59,189840205
2020-04-09,37.47,38.35,37.14,38.2,204749898
2020-04-13,39.34,43.47,38.7,43.4,337131131
2020-04-14,46.6,49.46,46.16,47.33,458647421
2020-04-15,49.47,50.21,47.33,48.66,353654823
2020-04-16,47.8,50.63,47.11,49.68,309867745
2020-04-17,51.49,51.66,49.84,50.26,196923352
2020-04-20,48.85,51.04,47.48,49.76,221195439
2020-04-21,48.67,50.22,44.92,45.78,303136198
2020-04-22,46.93,48.93,45.91,48.81,213372343
2020-04-23,48.51,48.93,46.88,47.04,198550401
2020-04-24,47.39,48.72,46.55,48.34,198564051
2020-04-27,49.17,53.3,49.0,53.25,310221445
2020-04-28,53.04,53.67,50.45,51.27,228329286
2020-04-29,52.68,53.55,52.21,53.37,243239578
2020-04-30,57.01,57.99,50.9,52.13,427077536
2020-05-01,50.33,51.52,45.54,46.75,487976906
2020-05-04,46.73,50.8,46.53,50.75,288556206
2020-05-05,52.65,53.26,50.81,51.21,254874773
2020-05-06,51.77,52.65,50.74,52.17,166848367
2020-05-07,51.81,53.09,51.49,52.0,172915264
2020-05-08,52.92,54.93,52.47,54.63,241951229
2020-05-11,52.7,54.93,52.33,54.09,247793876
2020-05-12,55.13,56.22,53.87,53.96,238603531
2020-05-13,54.72,55.07,50.89,52.73,285982207
2020-05-14,52.0,53.56,50.93,53.56,205232747
2020-05-15,52.69,53.67,52.44,53.28,157776371
2020-05-18,55.19,55.65,53.59,54.24,175471412
2020-05-19,54.34,54.8,53.74,53.87,144547758
2020-05-20,54.7,55.07,54.12,54.37,109639010
2020-05-21,54.4,55.5,53.07,55.17,183818608
2020-05-22,54.81,55.45,54.13,54.46,149812050
2020-05-26,55.63,55.64,54.38,54.59,121345979
2020-05-27,54.72,55.18,52.33,54.68,173242863
2020-05-28,54.23,54.98,53.45,53.72,109136555
2020-05-29,53.92,55.67,53.61,55.67,177187261
2020-06-01,57.2,59.93,56.94,59.87,226279387
2020-06-02,59.65,60.58,58.07,58.77,203483898
2020-06-03,59.21,59.86,58.67,58.86,119241975
2020-06-04,59.33,59.72,57.23,57.63,133315628
2020-06-05,58.52,59.1,57.75,59.04,117178696
2020-06-08,61.27,63.33,60.61,63.33,212620844
2020-06-09,62.67,63.63,61.6,62.71,170822165
2020-06-10,66.13,68.5,65.5,68.34,278451011
2020-06-11,66.01,67.93,64.8,64.86,238747081
2020-06-12,65.33,65.87,60.84,62.35,251450424
2020-06-15,61.19,66.59,60.57,66.06,235457582
2020-06-16,67.46,67.53,64.16,65.48,210766095
2020-06-17,65.85,67.0,65.5,66.12,148361926
2020-06-18,66.87,67.95,66.3,66.93,146278967
2020-06-19,67.52,67.73,66.09,66.73,130196170
2020-06-22,66.66,67.26,66.0,66.29,95435202
2020-06-23,66.59,67.47,66.27,66.79,95479017
2020-06-24,66.27,66.73,63.54,64.06,164393768
2020-06-25,63.62,65.73,62.48,65.73,138818166
2020-06-26,66.32,66.33,63.66,63.98,132823554
2020-06-29,64.6,67.33,63.23,67.29,135395992
2020-06-30,67.1,72.51,66.92,71.99,253777373
2020-07-01,72.2,75.69,72.03,74.64,199903400
2020-07-02,81.43,81.87,79.04,80.58,258751671
2020-07-06,85.11,91.85,84.4,91.44,308547746
2020-07-07,93.67,95.3,89.11,92.66,322344739
2020-07-08,93.67,94.48,87.42,91.06,244669528
2020-07-09,93.13,93.9,90.09,92.95,175763912
2020-07-10,93.07,103.26,91.73,102.98,350063075
2020-07-13,110.6,119.67,98.07,99.8,584780108
2020-07-14,103.73,106.0,95.4,101.12,351271924
2020-07-15,102.87,103.33,97.13,103.07,245517327
2020-07-16,98.48,102.11,97.73,100.04,214511743
2020-07-17,100.9,102.5,99.33,100.06,139949510
2020-07-20,101.27,110.0,99.2,109.53,256820422
2020-07-21,109.33,111.67,103.87,104.56,242359079
2020-07-22,106.6,108.43,104.13,106.16,212416094
2020-07-23,111.93,112.6,98.72,100.87,364927318
2020-07-24,94.4,97.67,91.1,94.47,290949155
2020-07-27,95.67,103.2,94.2,102.64,240729930
2020-07-28,100.27,104.31,98.29,98.43,237130381
2020-07-29,100.07,102.32,99.13,99.94,141403324
2020-07-30,99.2,100.88,98.07,99.17,114315528
2020-07-31,101.0,101.14,94.73,95.38,183704308
2020-08-03,96.61,100.65,96.29,99.0,132140124
2020-08-04,99.67,101.83,97.47,99.13,126224787
2020-08-05,99.53,99.99,97.89,99.0,74670188
2020-08-06,99.39,101.15,98.48,99.31,89884650
2020-08-07,99.97,99.98,94.33,96.85,133446233
2020-08-10,96.53,97.17,92.39,94.57,112833904
2020-08-11,93.07,94.67,91.0,91.63,129387445
2020-08-12,98.0,105.67,95.67,103.65,328482286
2020-08-13,107.4,110.08,104.48,108.07,306379497
2020-08-14,111.0,111.25,108.44,110.05,188664056
2020-08-17,111.8,123.06,111.52,122.38,303634648
2020-08-18,126.6,128.26,123.01,125.81,247117226
2020-08-19,124.33,127.4,122.75,125.24,183079858
2020-08-20,124.05,134.8,123.8,133.46,309176845
2020-08-21,136.32,139.7,135.0,136.67,322343239
2020-08-24,141.75,141.93,128.5,134.28,300954150
2020-08-25,131.66,135.2,131.2,134.89,159883270
2020-08-26,137.33,144.4,136.91,143.54,213590593
2020-08-27,145.36,153.04,142.83,149.25,355395422
2020-08-28,153.01,154.57,145.77,147.56,301217549
2020-08-31,148.2,166.71,146.7,166.11,355123236
2020-09-01,167.38,167.5,156.84,158.35,270358287
2020-09-02,159.66,159.68,135.04,149.12,288528419
2020-09-03,135.74,143.93,134.0,135.67,262788296
2020-09-04,134.27,142.67,124.01,139.44,330965733
2020-09-08,118.67,122.91,109.96,110.07,346397135
2020-09-09,118.87,123.0,113.84,122.09,238397334
2020-09-10,128.74,133.0,120.19,123.78,254791855
2020-09-11,127.31,127.5,120.17,124.24,182152398
2020-09-14,126.98,140.0,124.43,139.87,249061855
2020-09-15,145.52,153.98,143.57,149.92,291894719
2020-09-16,146.62,152.6,145.1,147.25,217640302
2020-09-17,138.53,145.93,136.0,141.14,230337503
2020-09-18,149.31,150.33,142.93,147.38,259220486
2020-09-21,151.04,151.89,135.69,149.8,328430433
2020-09-22,143.2,145.92,139.2,141.41,238742424
2020-09-23,135.05,137.38,125.29,126.79,285222569
2020-09-24,121.27,133.17,117.1,129.26,289683209
2020-09-25,131.16,136.24,130.43,135.78,201625400
2020-09-28,141.54,142.69,138.52,140.4,149158695
2020-09-29,138.67,142.83,137.2,139.69,151024215
2020-09-30,140.44,144.64,140.16,143.0,144436724
2020-10-01,146.92,149.63,144.81,149.39,152224365
2020-10-02,140.46,146.38,138.33,138.36,214290111
2020-10-05,141.12,144.55,139.78,141.89,134168383
2020-10-06,141.26,142.93,135.35,137.99,147438795
2020-10-07,139.96,143.3,137.95,141.77,129383143
2020-10-08,146.15,146.33,141.77,141.97,121263372
2020-10-09,143.38,144.86,142.15,144.67,86776989
2020-10-12,147.33,149.58,146.19,147.43,116373402
2020-10-13,147.78,149.63,145.53,148.88,103391020
2020-10-14,149.93,155.3,149.12,153.77,144136184
2020-10-15,150.1,152.19,147.5,149.63,107017061
2020-10-16,151.48,151.98,146.28,146.56,98327650
2020-10-19,148.75,149.0,142.96,143.61,108863531
2020-10-20,143.92,143.92,139.68,140.65,94968879
2020-10-21,140.9,144.32,140.42,140.88,97111390
2020-10-22,147.31,148.41,141.5,141.93,119979582
2020-10-23,140.61,140.96,135.79,140.21,101150950
2020-10-26,137.21,141.92,136.67,140.09,84717488
2020-10-27,141.25,143.5,140.03,141.56,68059537
2020-10-28,138.83,139.53,135.33,135.34,76354238
2020-10-29,136.65,139.35,135.49,136.94,67965937
2020-10-30,135.63,135.86,126.37,129.35,127762933
2020-11-02,131.33,135.66,130.77,133.5,87063369
2020-11-03,136.58,142.59,135.56,141.3,103055170
2020-11-04,143.54,145.13,139.03,140.33,96429190
2020-11-05,142.77,146.67,141.33,146.03,85243569
2020-11-06,145.37,145.52,141.43,143.32,65118037
2020-11-09,146.5,150.83,140.33,140.42,104499100
2020-11-10,140.03,140.03,132.01,136.79,90852669
2020-11-11,138.82,139.57,136.86,139.04,52073165
2020-11-12,138.35,141.0,136.51,137.25,59821506
2020-11-13,136.95,137.51,133.89,136.17,59491056
2020-11-16,136.31,137.48,134.7,136.03,80515928
2020-11-17,153.39,154.0,144.34,147.2,183564858
2020-11-18,149.45,165.33,147.83,162.21,234132083
2020-11-19,164.0,169.54,162.52,166.42,187426069
2020-11-20,166.0,167.5,163.02,163.2,98735770
2020-11-23,167.83,175.33,167.26,173.95,150780915
2020-11-24,180.13,186.66,175.4,185.13,160945486
2020-11-25,183.35,191.33,181.79,191.33,146790495
2020-11-27,193.72,199.59,192.82,195.25,112683251
2020-11-30,200.74,202.6,184.84,189.2,189009169
2020-12-01,199.2,199.28,190.68,194.92,121148502
2020-12-02,185.48,190.51,180.4,189.61,143326964
2020-12-03,196.67,199.66,194.14,197.79,127656013
2020-12-04,197.0,199.68,195.17,199.68,88203939
2020-12-07,201.64,216.26,201.02,213.92,168929147
2020-12-08,208.5,217.09,206.17,216.63,192795109
2020-12-09,217.9,218.11,196.0,201.49,213873591
2020-12-10,191.46,209.25,188.78,209.02,201249470
2020-12-11,205.0,208.0,198.93,203.33,139424924
2020-12-14,206.33,214.25,203.4,213.28,156121966
2020-12-15,214.43,215.63,207.93,211.08,135670694
2020-12-16,209.41,210.83,201.67,207.59,126287443
2020-12-17,209.4,219.61,206.5,218.63,168810437
2020-12-18,222.97,231.67,209.51,231.67,666378667
2020-12-21,222.08,222.83,215.36,216.62,174135797
2020-12-22,216.0,216.63,204.74,213.45,155584936
2020-12-23,210.73,217.17,207.52,215.33,99518920
2020-12-24,214.33,222.03,213.67,220.59,68596717
2020-12-28,224.84,227.13,220.27,221.23,96835690
2020-12-29,220.33,223.3,218.33,222.0,68732437
2020-12-30,224.0,232.2,222.79,231.59,128538073
2020-12-31,233.33,239.57,230.37,235.22,148949805
2021-01-04,239.82,248.16,239.06,243.26,145914585
2021-01-05,241.22,246.95,239.73,245.04,96735520
2021-01-06,252.83,258.0,249.7,251.99,134099923
2021-01-07,259.21,272.33,258.4,272.01,154496865
2021-01-08,285.33,294.83,279.46,293.34,225166613
2021-01-11,283.13,284.81,267.87,270.4,178662468
2021-01-12,277.0,289.33,275.78,283.15,138812174
2021-01-13,284.25,286.82,277.33,284.8,99937510
2021-01-14,281.13,287.67,279.58,281.67,93798999
2021-01-15,284.0,286.63,273.03,275.39,116332812
2021-01-19,279.27,283.33,277.67,281.52,76100948
2021-01-20,286.25,286.5,279.09,283.48,76997648
2021-01-21,285.0,285.24,280.47,281.66,61794396
2021-01-22,278.1,282.67,276.21,282.21,60199506
2021-01-25,285.0,300.13,279.61,293.6,123520212
2021-01-26,297.13,298.63,290.53,294.36,69394807
2021-01-27,290.12,297.17,286.22,288.05,82001888
2021-01-28,273.33,282.67,267.0,278.48,79134158
2021-01-29,276.67,280.8,260.03,264.51,104972260
2021-02-01,271.43,280.67,265.19,279.94,76174178
2021-02-02,281.56,293.5,280.73,290.93,73038637
2021-02-03,292.34,292.69,284.35,284.9,55030536
2021-02-04,285.0,285.5,277.81,283.33,47437985
2021-02-05,281.67,288.26,279.66,284.08,55699926
2021-02-08,289.89,292.59,284.92,287.81,60485166
2021-02-09,285.04,286.6,280.58,283.15,45472955
2021-02-10,281.21,281.61,266.67,268.27,108648281
2021-02-11,270.81,276.63,267.24,270.55,64868256
2021-02-12,267.09,272.44,261.78,272.04,71304937
2021-02-16,272.67,273.67,264.15,265.41,59406966
2021-02-17,259.7,266.61,254.0,266.05,78236708
2021-02-18,260.3,264.9,258.76,262.46,53871185
2021-02-19,265.0,265.6,259.12,260.43,56874786
2021-02-22,254.21,256.17,236.73,238.17,111809171
2021-02-23,220.71,237.87,206.33,232.95,199820660
2021-02-24,237.28,248.33,231.39,247.34,110300861
2021-02-25,242.05,245.74,223.53,227.41,117071592
2021-02-26,233.33,235.57,219.84,225.17,123267522
2021-03-01,230.04,290.67,228.35,239.48,81408728
2021-03-02,239.43,240.37,228.33,228.81,71196487
2021-03-03,229.33,233.57,217.24,217.73,90623889
2021-03-04,218.6,291.31,200.0,207.15,197758610
2021-03-05,208.69,209.28,179.83,199.32,268189407
2021-03-08,200.18,206.71,186.26,187.67,155360896
2021-03-09,202.73,226.03,198.4,224.53,202570010
2021-03-10,233.43,239.28,218.35,222.69,181817028
2021-03-11,233.13,234.17,225.73,233.2,108761681
2021-03-12,223.33,231.63,222.05,231.24,100751530
2021-03-15,231.36,237.73,228.01,235.98,88270449
2021-03-16,234.45,235.97,223.67,225.63,96587020
2021-03-17,218.96,234.58,217.0,233.94,121117362
2021-03-18,228.1,229.74,217.33,217.72,100107070
2021-03-19,215.53,219.08,208.21,218.29,128681953
2021-03-22,228.2,233.21,222.92,223.33,118536672
2021-03-23,225.26,225.93,219.17,220.72,91475619
2021-03-24,222.64,222.67,210.04,210.09,101385520
2021-03-25,204.33,215.17,203.17,213.46,117674562
2021-03-26,213.96,214.61,199.96,206.24,101558500
2021-03-29,205.21,205.49,198.67,203.76,85910979
2021-03-30,200.58,212.55,197.0,211.87,118297092
2021-03-31,215.54,224.0,213.7,222.64,100011880
2021-04-01,229.46,230.81,219.81,220.58,105895151
2021-04-05,235.9,236.05,228.23,230.35,125528323
2021-04-06,230.1,232.18,227.12,230.54,84815528
2021-04-07,229.0,230.46,222.61,223.66,78928298
2021-04-08,225.793335,229.850006,223.883331,227.933334,71772900
2021-04-09,225.92334,226.990005,223.143326,225.67334,64311300
2021-04-12,228.566666,234.933334,227.363327,233.993332,87407100
2021-04-13,237.566666,254.333328,236.886673,254.106674,133958400
2021-04-14,256.899994,260.263336,242.676666,244.07666,147052200
2021-04-15,247.699997,247.896667,240.436661,246.28334,83546700
2021-04-16,242.883331,249.803329,241.53334,246.593338,83938500
2021-04-19,239.866669,241.800003,230.600006,238.210007,119058600
2021-04-20,239.139999,245.75,236.896667,239.66333,106827000
2021-04-21,234.92334,248.279999,232.666672,248.039993,93646500
2021-04-22,247.166672,251.256668,239.346664,239.896667,106770900
2021-04-23,239.933334,245.786667,238.486664,243.133331,85110000
2021-04-26,247.0,249.766663,244.203339,246.066666,93115500
2021-04-27,239.320007,241.333328,234.449997,234.91333,88311000
2021-04-28,232.136673,236.166672,231.199997,231.46666,66813000
2021-04-29,233.169998,234.083328,222.833328,225.666672,86536200
2021-04-30,222.529999,238.490005,222.046661,236.479996,122276100
2021-05-03,234.600006,235.333328,226.833328,228.300003,81129300
2021-05-04,226.313339,227.816666,219.233337,224.53334,89217900
2021-05-05,227.020004,228.433334,222.446671,223.646667,65705700
2021-05-06,226.919998,227.006668,216.666672,221.179993,83353800
2021-05-07,221.933334,230.0,220.073334,224.123337,70407600
2021-05-10,221.633331,221.683334,209.203339,209.679993,94177200
2021-05-11,199.746674,209.03334,198.53334,205.733337,139511700
2021-05-12,200.830002,206.803329,195.589996,196.630005,101470800
2021-05-13,200.513336,202.153336,186.550003,190.563339,132554700
2021-05-14,194.470001,197.623337,190.153336,196.580002,100112700
2021-05-17,191.850006,196.57666,187.066666,192.276672,97171200
2021-05-18,189.333328,198.75,187.793335,192.623337,110491800
2021-05-19,184.183334,188.736664,182.32666,187.820007,118735200
2021-05-20,191.666672,196.28334,190.356674,195.593338,92463300
2021-05-21,198.703339,198.893326,193.333328,193.626663,78091800
2021-05-24,193.866669,204.82666,191.21666,202.146667,103674300
2021-05-25,202.436661,204.66333,198.570007,201.563339,84017700
2021-05-26,202.520004,208.723328,200.5,206.376663,85917900
2021-05-27,206.746674,210.376663,205.403336,210.28334,79111800
2021-05-28,209.5,211.863327,207.460007,208.406662,68211000
2021-06-01,209.266663,211.266663,206.850006,207.96666,54254700
2021-06-02,206.710007,207.786667,199.713333,201.706665,69908400
2021-06-03,200.600006,201.516663,190.406662,190.946671,90335700
2021-06-04,193.236664,200.203339,192.399994,199.683334,72110700
2021-06-07,197.276672,203.333328,194.293335,201.710007,67631100
2021-06-08,207.669998,207.696671,198.5,201.196671,78160200
2021-06-09,200.723328,203.929993,199.210007,199.593338,49753800
2021-06-10,201.293335,205.529999,200.166672,203.373337,71758800
2021-06-11,203.410004,204.186661,200.506668,203.296661,48615900
2021-06-14,204.07666,208.496674,203.059998,205.896667,61272000
2021-06-15,205.563339,205.596664,199.410004,199.786667,53292300
2021-06-16,199.179993,202.833328,197.833328,201.623337,66432300
2021-06-17,200.630005,207.156662,200.446671,205.53334,68104200
2021-06-18,204.456665,209.449997,203.933334,207.770004,73682700
2021-06-21,208.160004,210.463333,202.960007,206.943329,74438100
2021-06-22,206.083328,209.523331,205.166672,207.903336,57476700
2021-06-23,210.666672,219.066666,210.013336,218.856674,93297600
2021-06-24,224.996674,232.539993,222.536667,226.606674,137947200
2021-06-25,229.860001,231.270004,222.899994,223.956665,97490100
2021-06-28,223.880005,231.566666,223.440002,229.573334,64884600
2021-06-29,228.21666,229.169998,225.296661,226.919998,52143900
2021-06-30,226.589996,230.936661,226.046661,226.566666,56774700
2021-07-01,227.973328,229.330002,224.266663,225.973328,55903500
2021-07-02,226.32666,233.333328,224.419998,226.300003,81163500
2021-07-06,227.236664,228.0,217.133331,219.860001,69853500
2021-07-07,221.42334,221.899994,212.773331,214.883331,56376000
2021-07-08,209.456665,218.143326,206.820007,217.603333,68319900
2021-07-09,217.726669,219.636673,214.896667,218.983337,54421500
2021-07-12,220.733337,229.080002,220.720001,228.566666,77781000
2021-07-13,228.773331,231.093338,222.100006,222.846664,62898300
2021-07-14,223.583328,226.203339,217.613327,217.793335,64923600
2021-07-15,219.463333,222.046661,212.626663,216.866669,60628800
2021-07-16,218.226669,218.899994,214.066666,214.740005,49113000
2021-07-19,209.963333,215.733337,207.096664,215.406662,63891300
2021-07-20,217.330002,220.796661,213.5,220.166672,46461300
2021-07-21,219.869995,221.619995,216.763336,218.429993,41859900
2021-07-22,218.813339,220.723328,214.866669,216.419998,45317100
2021-07-23,215.453339,216.266663,212.433334,214.460007,43814700
2021-07-26,216.990005,222.733337,215.703339,219.206665,76009800
2021-07-27,221.133331,222.166672,209.080002,214.926666,98439900
2021-07-28,215.666672,218.323334,213.133331,215.660004,48019800
2021-07-29,216.596664,227.896667,216.266663,225.78334,91183800
2021-07-30,223.919998,232.509995,223.0,229.066666,88969200
2021-08-02,233.333328,242.313339,232.800003,236.556671,100847400
2021-08-03,239.666672,240.883331,233.669998,236.580002,64860900
2021-08-04,237.0,241.633331,236.309998,236.973328,51007800
2021-08-05,238.666672,240.316666,237.136673,238.210007,38758800
2021-08-06,237.300003,238.776672,232.543335,233.03334,46869000
2021-08-09,236.723328,239.676666,235.043335,237.919998,44145900
2021-08-10,237.996674,238.863327,233.960007,236.66333,40296900
2021-08-11,237.570007,238.393326,234.736664,235.940002,29401800
2021-08-12,235.446671,240.933334,233.133331,240.75,52377300
2021-08-13,241.236664,243.300003,238.113327,239.056671,50194500
2021-08-16,235.023331,236.5,225.46666,228.723328,68032200
2021-08-17,224.220001,224.860001,216.279999,221.903336,71163900
2021-08-18,223.25,231.92334,223.116669,229.66333,61048200
2021-08-19,226.070007,228.850006,222.529999,224.490005,42940500
2021-08-20,227.616669,230.710007,224.566666,226.753326,44525700
2021-08-23,228.479996,237.376663,226.916672,235.433334,60794700
2021-08-24,236.893326,238.406662,234.213333,236.16333,39249300
2021-08-25,235.676666,238.990005,234.666672,237.066666,37936800
2021-08-26,236.103333,238.46666,232.539993,233.720001,39642900
2021-08-27,235.0,238.333328,234.03334,237.306671,41501400
2021-08-30,238.240005,243.666672,237.57666,243.636673,55812600
2021-08-31,244.333328,246.796661,242.146667,245.240005,62566200
2021-09-01,244.693329,247.330002,243.756668,244.696671,39612900
2021-09-02,244.833328,246.990005,243.513336,244.130005,38331900
2021-09-03,244.083328,244.666672,241.399994,244.523331,45738300
2021-09-07,246.666672,253.399994,246.419998,250.973328,60119400
2021-09-08,253.860001,254.816666,246.92334,251.289993,56379000
2021-09-09,251.136673,254.03334,250.543335,251.619995,42233100
2021-09-10,253.199997,254.203339,244.839996,245.42334,45552600
2021-09-13,246.736664,248.259995,236.28334,247.666672,68857500
2021-09-14,247.523331,251.490005,245.46666,248.16333,55574700
2021-09-15,248.333328,252.286667,246.119995,251.943329,46073100
2021-09-16,250.943329,252.970001,249.203339,252.330002,41770200
2021-09-17,252.383331,253.679993,250.0,253.16333,84612600
2021-09-20,244.853333,247.333328,239.539993,243.389999,74273100
2021-09-21,244.929993,248.246674,243.479996,246.460007,48992100
2021-09-22,247.843338,251.223328,246.373337,250.646667,45378900
2021-09-23,251.666672,252.733337,249.306671,251.213333,35842500
2021-09-24,248.630005,258.266663,248.186661,258.130005,64119000
2021-09-27,257.706665,266.333344,256.436676,263.786682,84212100
2021-09-28,262.399994,265.213318,255.393326,259.186676,76144200
2021-09-29,259.933319,264.5,256.893341,260.436676,62828700
2021-09-30,260.333344,263.043335,258.333344,258.493347,53868000
2021-10-01,259.466675,260.26001,254.529999,258.406677,51094200
2021-10-04,265.5,268.98999,258.706665,260.51001,91449900
2021-10-05,261.600006,265.769989,258.066681,260.196655,55297800
2021-10-06,258.733337,262.220001,257.73999,260.916656,43898400
2021-10-07,261.820007,268.333344,261.126678,264.536682,57587400
2021-10-08,265.40332,265.459991,260.303345,261.829987,50215800
2021-10-11,262.549988,267.079987,261.833344,263.980011,42600900
2021-10-12,266.976654,270.773346,265.523346,268.573334,66060000
2021-10-13,270.156677,271.803345,268.593323,270.359985,42360300
2021-10-14,271.829987,273.416656,271.116669,272.773346,36741600
2021-10-15,274.579987,281.070007,274.116669,281.01001,56773800
2021-10-18,283.929993,291.753326,283.823334,290.036682,72621600
2021-10-19,292.51001,292.649994,287.503326,288.089996,52143300
2021-10-20,288.450012,289.829987,285.793335,288.600006,42096300
2021-10-21,285.333344,300.0,285.166656,298.0,94444500
2021-10-22,298.5,303.333344,296.986664,303.226654,68642400
2021-10-25,316.843323,348.339996,314.733337,341.619995,188556300
2021-10-26,341.563324,364.980011,333.813324,339.476654,187245000
2021-10-27,346.553345,356.959991,343.593323,345.953339,115579500
2021-10-28,356.103333,360.333344,351.399994,359.013336,81639600
2021-10-29,360.619995,371.736664,357.736664,371.333344,89755200
2021-11-01,381.666656,403.25,372.886658,402.863342,168146100
2021-11-02,386.453339,402.863342,382.0,390.666656,128213400
2021-11-03,392.443329,405.130005,384.206665,404.619995,103885500
2021-11-04,411.470001,414.496674,405.666656,409.970001,76192200
2021-11-05,409.333344,413.290009,402.666656,407.363342,64886400
2021-11-08,383.263336,399.0,377.666656,387.646667,100337100
2021-11-09,391.200012,391.5,337.17334,341.166656,177317400
2021-11-10,336.803345,359.366669,329.103333,355.983337,128408100
2021-11-11,367.589996,368.323334,351.559998,354.503326,67189800
2021-11-12,349.166656,351.5,339.733337,344.473328,76719300
2021-11-15,339.209991,343.993347,326.200012,337.796661,104326800
2021-11-16,334.436676,352.399994,334.059998,351.57666,79627200
2021-11-17,354.503326,373.213318,351.833344,363.003326,94336200
2021-11-18,368.850006,370.666656,358.339996,365.459991,62696700
2021-11-19,366.290009,379.573334,364.233337,379.019989,64926900
2021-11-22,387.443329,400.649994,377.476654,385.623322,99217500
2021-11-23,389.170013,393.5,354.233337,369.676666,108515100
2021-11-24,360.130005,377.589996,354.0,372.0,67680600
2021-11-26,366.48999,369.593323,360.333344,360.640015,35042700
2021-11-29,366.996674,380.890015,366.730011,378.996674,58393500
2021-11-30,381.456665,389.333344,372.666656,381.58667,81276000
2021-12-01,386.899994,390.946655,363.58667,365.0,68450400
2021-12-02,366.353333,371.0,352.216675,361.533325,73114800
2021-12-03,361.59668,363.526672,333.40332,338.323334,92322000
2021-12-06,333.83667,340.546661,316.833344,336.33667,81663000
2021-12-07,348.066681,352.556671,342.269989,350.583344,56084700
2021-12-08,350.90332,357.459991,344.333344,356.320007,41906400
2021-12-09,353.546661,354.16333,334.119995,334.600006,59438400
2021-12-10,336.25,340.32666,327.51001,339.01001,59664300
2021-12-13,333.696655,335.0,317.140015,322.136658,78595500
2021-12-14,315.0,322.136658,310.0,319.503326,70806300
2021-12-15,317.736664,326.25,309.416656,325.329987,75169200
2021-12-16,331.5,331.660004,307.283325,308.973328,82771500
2021-12-17,304.92334,320.220001,303.013336,310.856659,100437300
2021-12-20,303.566681,307.230011,297.796661,299.980011,56480100
2021-12-21,305.623322,313.166656,295.373322,312.843323,71517900
2021-12-22,321.886658,338.553345,319.016663,336.290009,93634200
2021-12-23,335.600006,357.660004,332.519989,355.666656,92713200
2021-12-27,357.890015,372.333344,356.906677,364.646667,71145900
2021-12-28,369.829987,373.0,359.473328,362.823334,60324000
2021-12-29,366.213318,368.0,354.713318,362.063324,56154000
2021-12-30,353.776672,365.183319,351.049988,356.779999,47040900
2021-12-31,357.813324,360.666656,351.529999,352.26001,40733700
2022-01-03,382.583344,400.356659,378.679993,399.926666,103931400
2022-01-04,396.516663,402.666656,374.350006,383.196655,100248300
2022-01-05,382.216675,390.113342,360.33667,362.706665,80119800
2022-01-06,359.0,362.666656,340.166656,354.899994,90336600
2022-01-07,360.123322,360.309998,336.666656,342.320007,84164700
2022-01-10,333.333344,353.033325,326.666656,352.706665,91815000
2022-01-11,351.223328,358.616669,346.273346,354.799988,66063300
2022-01-12,359.616669,371.613342,357.529999,368.73999,83739000
2022-01-13,369.690002,371.866669,342.179993,343.853333,97209900
2022-01-14,339.959991,350.666656,337.793335,349.869995,72924300
2022-01-18,342.203339,356.929993,338.686676,343.503326,66743400
2022-01-19,347.236664,351.556671,331.666656,331.883331,75442500
2022-01-20,336.57666,347.220001,331.333344,332.089996,70488600
2022-01-21,332.113342,334.850006,313.5,314.633331,103416000
2022-01-24,301.58667,311.170013,283.823334,310.0,151565700
2022-01-25,304.733337,317.08667,301.070007,306.133331,86595900
2022-01-26,317.476654,329.230011,302.0,312.470001,104867400
2022-01-27,311.119995,311.796661,276.333344,276.366669,147109500
2022-01-28,277.186676,285.833344,264.003326,282.116669,134789100
2022-01-31,290.90332,312.66333,287.350006,312.23999,104436000
2022-02-01,311.736664,314.566681,301.666656,310.416656,73138200
2022-02-02,309.393341,310.5,296.470001,301.886658,66792900
2022-02-03,294.0,312.333344,293.506653,297.046661,78855600
2022-02-04,299.073334,312.166656,293.723328,307.773346,73625400
2022-02-07,307.929993,315.92334,300.90332,302.446655,60994500
2022-02-08,301.843323,308.763336,298.266663,307.333344,50729100
2022-02-09,311.666656,315.42334,306.666656,310.666656,52259400
2022-02-10,302.790009,314.603333,298.899994,301.516663,66126900
2022-02-11,303.209991,305.320007,283.566681,286.666656,79645800
2022-02-14,287.190002,299.626678,284.383331,291.920013,67756500
2022-02-15,300.0,307.666656,297.793335,307.476654,57286200
2022-02-16,304.683319,308.809998,300.40332,307.796661,51294300
2022-02-17,304.420013,306.166656,291.366669,292.116669,55178400
2022-02-18,295.333344,295.623322,279.203339,285.660004,68501700
2022-02-22,278.043335,285.57666,267.033325,273.843323,83288100
2022-02-23,276.809998,278.433319,253.520004,254.679993,95256900
2022-02-24,233.463333,267.493347,233.333328,266.92334,135322200
2022-02-25,269.743347,273.166656,260.799988,269.956665,76067700
2022-02-28,271.670013,292.286682,271.570007,290.143341,99006900
2022-03-01,289.893341,296.626678,284.593323,288.123322,74766900
2022-03-02,290.709991,295.493347,281.42334,293.296661,74643300
2022-03-03,292.92334,295.480011,277.533325,279.763336,61623600
2022-03-04,283.033325,285.216675,275.053345,279.429993,66999600
2022-03-07,285.433319,288.713318,268.190002,268.193329,72494100
2022-03-08,265.176666,283.329987,260.723328,274.799988,80399100
2022-03-09,279.82666,286.853333,277.33667,286.323334,59184000
2022-03-10,283.816681,284.816681,270.119995,279.433319,58648500
2022-03-11,280.066681,281.266663,264.589996,265.116669,67037100
2022-03-14,260.203339,266.899994,252.013336,255.456665,71152200
2022-03-15,258.42334,268.523346,252.190002,267.296661,66841200
2022-03-16,269.666656,280.666656,267.420013,280.07666,84028800
2022-03-17,276.996674,291.666656,275.23999,290.533325,66582900
2022-03-18,291.496674,302.616669,289.130005,301.796661,100414200
2022-03-21,304.993347,314.283325,302.363342,307.053345,81981600
2022-03-22,310.0,332.619995,307.25,331.32666,105868500
2022-03-23,326.646667,346.899994,325.466675,333.036682,120676200
2022-03-24,336.57666,341.496674,329.600006,337.973328,68920800
2022-03-25,336.0,340.600006,332.440002,336.880005,62031600
2022-03-28,355.033325,365.959991,351.200012,363.946655,102506100
2022-03-29,369.329987,371.589996,357.703339,366.523346,73614900
2022-03-30,363.723328,371.316681,361.333344,364.66333,59865000
2022-03-31,364.856659,367.713318,358.880005,359.200012,48992700
2022-04-01,360.383331,364.916656,355.546661,361.529999,54263100
2022-04-04,363.126678,383.303345,357.51001,381.816681,82035900
2022-04-05,378.766663,384.290009,362.433319,363.753326,80075100
2022-04-06,357.823334,359.666656,342.566681,348.58667,89348400
2022-04-07,350.796661,358.863342,340.513336,352.420013,79447200
2022-04-08,347.736664,349.480011,340.813324,341.829987,55013700
2022-04-11,326.799988,336.156677,324.880005,325.309998,59357100
2022-04-12,332.546661,340.396667,325.533325,328.983337,65976000
2022-04-13,327.026672,342.079987,324.366669,340.790009,55121100
2022-04-14,333.09668,337.570007,327.396667,328.333344,58422300
2022-04-18,329.676666,338.306671,324.470001,334.763336,51715200
2022-04-19,335.019989,344.980011,331.776672,342.716675,49847700
2022-04-20,343.333344,344.666656,325.083344,325.733337,70711200
2022-04-21,358.243347,364.073334,332.140015,336.26001,105416400
2022-04-22,338.303345,344.950012,331.333344,335.016663,69696600
2022-04-25,326.323334,336.206665,325.100006,332.67334,68341200
2022-04-26,331.809998,333.333344,291.666656,292.140015,136133700
2022-04-27,299.526672,306.0,292.453339,293.83667,76956300
2022-04-28,299.993347,300.0,273.899994,292.503326,124948500
2022-04-29,300.75,311.466675,290.0,290.253326,88133100
2022-05-02,286.92334,302.119995,282.676666,300.980011,75781500
2022-05-03,301.059998,308.026672,296.196655,303.083344,63709500
2022-05-04,301.313324,318.5,295.093323,317.540009,81643800
2022-05-05,313.006653,315.200012,285.899994,291.093323,92519100
2022-05-06,295.666656,296.0,281.036682,288.549988,72903000
2022-05-09,278.816681,281.876678,260.383331,262.369995,90810300
2022-05-10,273.103333,275.119995,258.083344,266.679993,84401700
2022-05-11,265.0,269.92334,242.399994,244.666672,97224600
2022-05-12,233.666672,253.220001,226.666672,242.666672,140313000
2022-05-13,257.82666,262.450012,250.523331,256.529999,92150700
2022-05-16,255.720001,256.58667,239.696671,241.456665,86098500
2022-05-17,249.119995,254.82666,242.949997,253.869995,80236200
2022-05-18,248.17334,253.5,233.603333,236.603333,87811800
2022-05-19,235.666672,244.666672,231.369995,236.473328,90296700
2022-05-20,237.996674,240.526672,211.0,221.300003,144973200
2022-05-23,218.339996,226.653336,212.686661,224.96666,88903500
2022-05-24,217.843338,217.973328,206.856674,209.386673,89092500
2022-05-25,207.949997,223.106674,207.669998,219.600006,92139300
2022-05-26,220.473328,239.556671,217.886673,235.910004,106003200
2022-05-27,241.083328,253.266663,240.176666,253.210007,89295000
2022-05-31,257.946655,259.600006,244.743332,252.753326,101914500
2022-06-01,251.720001,257.32666,243.639999,246.789993,77247900
2022-06-02,244.156662,264.209991,242.066666,258.333344,93473100
2022-06-03,243.226669,247.796661,233.416672,234.516663,112393800
2022-06-06,244.353333,244.866669,234.350006,238.279999,84204600
2022-06-07,234.0,239.996674,230.093338,238.886673,72808500
2022-06-08,240.08667,249.963333,239.176666,241.866669,76210500
2022-06-09,249.339996,255.546661,239.32666,239.706665,96491400
2022-06-10,235.156662,239.5,227.91333,232.229996,97536600
2022-06-13,223.166672,226.633331,214.683334,215.736664,102767400
2022-06-14,218.286667,226.330002,211.736664,220.889999,97988700
2022-06-15,220.916672,235.66333,218.149994,233.0,119131800
2022-06-16,222.736664,225.166672,208.693329,213.100006,107390700
2022-06-17,213.433334,220.970001,213.196671,216.759995,92641800
2022-06-21,224.603333,243.57666,224.333328,237.036667,122793000
2022-06-22,234.503326,246.833328,233.82666,236.08667,101107500
2022-06-23,237.906662,239.316666,228.636673,235.070007,104202600
2022-06-24,237.470001,246.066666,236.08667,245.706665,95770800
2022-06-27,249.366669,252.070007,242.566666,244.919998,89178300
2022-06-28,244.483337,249.970001,232.343338,232.66333,90391200
2022-06-29,230.5,231.17334,222.273331,228.490005,82897200
2022-06-30,224.509995,229.456665,218.863327,224.473328,94600500
2022-07-01,227.0,230.229996,222.119995,227.263336,74460300
2022-07-05,223.0,233.146667,216.166672,233.066666,84581100
2022-07-06,230.779999,234.563339,227.186661,231.733337,71853600
2022-07-07,233.919998,245.363327,232.210007,244.543335,81930600
2022-07-08,242.333328,254.979996,241.160004,250.763336,101854200
2022-07-11,252.103333,253.063339,233.626663,234.343338,99241200
2022-07-12,236.846664,239.773331,228.369995,233.070007,87930900
2022-07-13,225.5,242.059998,225.03334,237.039993,97954500
2022-07-14,234.896667,238.653336,229.333328,238.313339,78557400
2022-07-15,240.0,243.623337,236.889999,240.066666,69683100
2022-07-18,244.936661,250.516663,239.603333,240.546661,82537500
2022-07-19,245.0,247.139999,236.976669,245.529999,80890200
2022-07-20,246.78334,250.66333,243.483337,247.5,88864200
2022-07-21,255.106674,273.266663,254.866669,271.706665,142032300
2022-07-22,276.220001,280.786682,270.713318,272.243347,103472700
2022-07-25,272.216675,274.146667,267.399994,268.433319,64073400
2022-07-26,266.513336,267.309998,256.263336,258.859985,66820800
2022-07-27,263.809998,275.926666,261.790009,274.820007,88110000
2022-07-28,280.066681,283.299988,272.799988,280.899994,84723000
2022-07-29,280.700012,298.320007,279.100006,297.149994,95313000
2022-08-01,301.276672,311.876678,295.0,297.276672,117042900
2022-08-02,294.003326,307.833344,292.666656,300.58667,95577600
2022-08-03,305.0,309.549988,301.149994,307.396667,80091000
2022-08-04,311.0,313.606659,305.0,308.633331,72256200
2022-08-05,302.670013,304.606659,285.543335,288.170013,113172900
2022-08-08,295.0,305.200012,289.08667,290.42334,98994000
2022-08-09,290.293335,292.396667,279.353333,283.333344,86244600
2022-08-10,297.066681,297.51001,283.369995,294.356659,94918800
2022-08-11,296.513336,298.236664,285.833344,286.630005,70155000
2022-08-12,289.416656,300.160004,285.033325,300.029999,79657200
2022-08-15,301.786682,313.133331,301.230011,309.320007,89359200
2022-08-16,311.666656,314.666656,302.883331,306.563324,88136400
2022-08-17,303.396667,309.656677,300.033325,303.996674,68766000
2022-08-18,306.0,306.5,301.853333,302.869995,47500500
2022-08-19,299.0,300.359985,292.5,296.666656,61395300
2022-08-22,291.91333,292.399994,286.296661,289.91333,55843200
2022-08-23,291.453339,298.82666,287.92334,296.453339,63984900
2022-08-24,297.563324,303.646667,296.5,297.09668,57259800
2022-08-25,302.359985,302.959991,291.600006,296.070007,53230000
2022-08-26,297.429993,302.0,287.470001,288.089996,57163900
2022-08-29,282.829987,287.73999,280.700012,284.820007,41864700
2022-08-30,287.869995,288.480011,272.649994,277.700012,50541800
2022-08-31,280.619995,281.25,271.809998,275.609985,52107300
2022-09-01,272.579987,277.579987,266.149994,277.160004,54287000
2022-09-02,281.070007,282.350006,269.079987,270.209991,50890100
2022-09-06,272.679993,275.98999,265.73999,274.420013,55860000
2022-09-07,273.100006,283.839996,272.269989,283.700012,50028900
2022-09-08,281.299988,289.5,279.76001,289.26001,53713100
2022-09-09,291.670013,299.850006,291.25,299.679993,54338100
2022-09-12,300.720001,305.48999,300.399994,304.420013,48674600
2022-09-13,292.899994,297.399994,290.399994,292.130005,68229600
2022-09-14,292.23999,306.0,291.640015,302.609985,72628700
2022-09-15,301.829987,309.119995,300.720001,303.75,64795500
2022-09-16,299.609985,303.709991,295.600006,303.350006,87087800
2022-09-19,300.089996,309.839996,297.799988,309.070007,60231200
2022-09-20,306.910004,313.329987,305.579987,308.730011,61642800
2022-09-21,308.290009,313.799988,300.630005,300.799988,62555700
2022-09-22,299.859985,301.290009,285.820007,288.589996,70545400
2022-09-23,283.089996,284.5,272.820007,275.329987,63748400
2022-09-26,271.829987,284.089996,270.309998,276.01001,58076900
2022-09-27,283.839996,288.670013,277.51001,282.940002,61925200
2022-09-28,283.079987,289.0,277.570007,287.809998,54664800
2022-09-29,282.76001,283.649994,265.779999,268.209991,77620600
2022-09-30,266.149994,275.570007,262.470001,265.25,67726600
2022-10-03,254.5,255.160004,241.009995,242.399994,98363500
2022-10-04,250.520004,257.5,242.009995,249.440002,109578500
2022-10-05,245.009995,246.669998,233.270004,240.809998,86982700
2022-10-06,239.440002,244.580002,235.350006,238.130005,69298400
2022-10-07,233.940002,234.570007,222.020004,223.070007,83916800
2022-10-10,223.929993,226.990005,218.360001,222.960007,67925000
2022-10-11,220.949997,225.75,215.0,216.5,77013200
2022-10-12,215.330002,219.300003,211.509995,217.240005,66860700
2022-10-13,208.300003,222.990005,206.220001,221.720001,91483000
2022-10-14,224.009995,226.259995,204.160004,204.990005,94124500
2022-10-17,210.039993,221.860001,209.449997,219.350006,79428800
2022-10-18,229.5,229.820007,217.25,220.190002,75891900
2022-10-19,219.800003,222.929993,217.779999,222.039993,66571500
2022-10-20,208.279999,215.550003,202.0,207.279999,117798100
2022-10-21,206.419998,214.660004,203.800003,214.440002,75713800
2022-10-24,205.820007,213.5,198.589996,211.25,100446800
2022-10-25,210.100006,224.350006,210.0,222.419998,96507900
2022-10-26,219.399994,230.600006,218.199997,224.639999,85012500
2022-10-27,229.770004,233.809998,222.850006,225.089996,61638800
2022-10-28,225.399994,228.860001,216.350006,228.520004,69152400
2022-10-31,226.190002,229.850006,221.940002,227.539993,61554300
2022-11-01,234.050003,237.399994,227.279999,227.820007,62688800
2022-11-02,226.039993,227.869995,214.820007,214.979996,63070300
2022-11-03,211.360001,221.199997,210.139999,215.309998,56538800
2022-11-04,222.600006,223.800003,203.080002,207.470001,98622200
2022-11-07,208.649994,208.899994,196.660004,197.080002,93916500
2022-11-08,194.020004,195.199997,186.75,191.300003,128803400
2022-11-09,190.779999,195.889999,177.119995,177.589996,127062700
2022-11-10,189.899994,191.0,180.029999,190.720001,132703000
2022-11-11,186.0,196.520004,182.589996,195.970001,114403600
2022-11-14,192.770004,195.729996,186.339996,190.949997,92226600
2022-11-15,195.880005,200.820007,192.059998,194.419998,91293800
2022-11-16,191.509995,192.570007,185.660004,186.919998,66567600
2022-11-17,183.960007,186.160004,180.899994,183.169998,64336000
2022-11-18,185.050003,185.190002,176.550003,180.190002,76048900
2022-11-21,175.850006,176.770004,167.539993,167.869995,92882700
2022-11-22,168.630005,170.919998,166.190002,169.910004,78452300
2022-11-23,173.570007,183.619995,172.5,183.199997,109536700
2022-11-25,185.059998,185.199997,180.630005,182.860001,50672700
2022-11-28,179.960007,188.5,179.0,182.919998,92905200
2022-11-29,184.990005,186.380005,178.75,180.830002,83357100
2022-11-30,182.429993,194.759995,180.630005,194.699997,109186400
2022-12-01,197.080002,198.919998,191.800003,194.699997,80046200
2022-12-02,191.779999,196.25,191.110001,194.860001,73645900
2022-12-05,189.440002,191.270004,180.550003,182.449997,93122700
2022-12-06,181.220001,183.649994,175.330002,179.820007,92150800
2022-12-07,175.029999,179.380005,172.220001,174.039993,84213300
2022-12-08,172.199997,175.199997,169.059998,173.440002,97624500
2022-12-09,173.839996,182.5,173.360001,179.050003,104872300
2022-12-12,176.100006,177.369995,167.520004,167.820007,109794500
2022-12-13,174.869995,175.050003,156.910004,160.949997,175862700
2022-12-14,159.25,161.619995,155.309998,156.800003,140682300
2022-12-15,153.440002,160.929993,153.279999,157.669998,122334500
2022-12-16,159.639999,160.990005,150.039993,150.229996,139032200
2022-12-19,154.0,155.25,145.820007,149.869995,139390600
2022-12-20,146.050003,148.470001,137.660004,137.800003,159563300
2022-12-21,139.339996,141.259995,135.889999,137.570007,145417400
2022-12-22,136.0,136.630005,122.260002,125.349998,210090300
2022-12-23,126.370003,128.619995,121.019997,123.150002,166989700
2022-12-27,117.5,119.669998,108.760002,109.099998,208643400
2022-12-28,110.349998,116.269997,108.239998,112.709999,221070500
2022-12-29,120.389999,123.57,117.5,121.82,221923300
2022-12-30,119.949997,124.480003,119.75,123.18,157777300
2023-01-03,118.470001,118.800003,104.639999,108.099998,231402800
2023-01-04,109.110001,114.589996,107.519997,113.639999,180389000
2023-01-05,110.510002,111.75,107.160004,110.339996,157986300
2023-01-06,103.0,114.389999,101.809998,113.059998,220911100
2023-01-09,118.959999,123.519997,117.110001,119.769997,190284000
2023-01-10,121.07,122.760002,114.919998,118.849998,167642500
2023-01-11,122.089996,125.949997,120.510002,123.220001,183810800
2023-01-12,122.559998,124.129997,117.0,123.559998,169400900
2023-01-13,116.550003,122.629997,115.599998,122.400002,180714100
2023-01-17,125.699997,131.699997,125.019997,131.490005,186477000
2023-01-18,136.559998,136.679993,127.010002,128.779999,195680300
2023-01-19,127.260002,129.990005,124.309998,127.169998,170291900
2023-01-20,128.679993,133.509995,127.349998,133.419998,138858100
2023-01-23,135.869995,145.380005,134.270004,143.75,203119200
2023-01-24,143.0,146.5,141.100006,143.889999,158699100
2023-01-25,141.910004,146.410004,138.070007,144.429993,192734300
2023-01-26,159.970001,161.419998,154.759995,160.270004,234815100
2023-01-27,162.429993,180.679993,161.169998,177.899994,306590600
2023-01-30,178.050003,179.770004,166.5,166.660004,230878800
2023-01-31,164.570007,174.300003,162.779999,173.220001,196813500
2023-02-01,173.889999,183.809998,169.929993,181.410004,213806300
2023-02-02,187.330002,196.75,182.610001,188.270004,217448300
2023-02-03,183.949997,199.0,183.690002,189.979996,232662000
2023-02-06,193.009995,198.169998,189.919998,194.759995,186188100
2023-02-07,196.429993,197.5,189.550003,196.809998,186010300
2023-02-08,196.100006,203.0,194.309998,201.289993,180673600
2023-02-09,207.779999,214.0,204.770004,207.320007,215431400
2023-02-10,202.229996,206.199997,192.889999,196.889999,204754100
2023-02-13,194.419998,196.300003,187.610001,194.639999,172475500
2023-02-14,191.940002,209.820007,189.440002,209.25,216455700
2023-02-15,211.759995,214.660004,206.110001,214.240005,181006400
2023-02-16,210.779999,217.649994,201.839996,202.039993,229586500
2023-02-17,199.990005,208.440002,197.5,208.309998,213738500
2023-02-21,204.990005,209.710007,197.220001,197.369995,180018600
2023-02-22,197.929993,201.990005,191.779999,200.860001,191828500
2023-02-23,203.910004,205.139999,196.330002,202.070007,146360000
2023-02-24,196.330002,197.669998,192.800003,196.880005,142228100
2023-02-27,202.029999,209.419998,201.259995,207.630005,161028300
2023-02-28,210.589996,211.229996,203.75,205.710007,153144900
2023-03-01,206.210007,207.199997,198.520004,202.770004,156852800
2023-03-02,186.740005,193.75,186.009995,190.899994,181500700
2023-03-03,194.800003,200.479996,192.880005,197.789993,154193300
2023-03-06,198.539993,198.600006,192.300003,193.809998,128100100
2023-03-07,191.380005,194.199997,186.100006,187.710007,148125800
2023-03-08,185.039993,186.5,180.0,182.0,151897800
2023-03-09,180.25,185.179993,172.509995,172.919998,170023800
2023-03-10,175.130005,178.289993,168.440002,173.440002,191488900
2023-03-13,167.460007,177.350006,163.910004,174.479996,167790300
2023-03-14,177.309998,183.800003,177.139999,183.259995,143717900
2023-03-15,180.800003,182.339996,176.029999,180.449997,145995600
2023-03-16,180.369995,185.809998,178.839996,184.130005,121136800
2023-03-17,184.520004,186.220001,177.330002,180.130005,133197100
2023-03-20,178.080002,186.440002,176.350006,183.25,129684400
2023-03-21,188.279999,198.0,188.039993,197.580002,153391400
2023-03-22,199.300003,200.660004,190.949997,191.149994,150376400
2023-03-23,195.259995,199.309998,188.649994,192.220001,144193900
2023-03-24,191.649994,192.360001,187.149994,190.410004,116312400
2023-03-27,194.419998,197.389999,189.940002,191.809998,120851600
2023-03-28,192.0,192.350006,185.429993,189.190002,98654600
2023-03-29,193.130005,195.289993,189.440002,193.880005,123660000
2023-03-30,195.580002,197.330002,194.419998,195.279999,110252200
2023-03-31,197.529999,207.789993,197.199997,207.460007,170222100
2023-04-03,199.910004,202.690002,192.199997,194.770004,169545900
2023-04-04,197.320007,198.740005,190.320007,192.580002,126463800
2023-04-05,190.520004,190.679993,183.759995,185.520004,133882500
2023-04-06,183.080002,186.389999,179.740005,185.059998,123857900
2023-04-10,179.940002,185.100006,176.110001,184.509995,142154600
2023-04-11,186.690002,189.190002,185.649994,186.789993,115770900
2023-04-12,190.740005,191.580002,180.309998,180.539993,150256300
2023-04-13,182.960007,186.5,180.940002,185.899994,112933000
2023-04-14,183.949997,186.279999,182.009995,185.0,96438700
2023-04-17,186.320007,189.690002,182.690002,187.039993,116662200
2023-04-18,187.149994,187.690002,183.580002,184.309998,92067000
2023-04-19,179.100006,183.5,177.649994,180.589996,125732700
2023-04-20,166.169998,169.699997,160.559998,162.990005,210970800
2023-04-21,164.800003,166.0,161.320007,165.080002,123539000
2023-04-24,164.649994,165.649994,158.610001,162.550003,140006600
2023-04-25,159.820007,163.470001,158.75,160.669998,121999300
2023-04-26,160.289993,160.669998,153.139999,153.75,153364100
2023-04-27,152.639999,160.479996,152.369995,160.190002,127015200
2023-04-28,160.899994,165.0,157.320007,164.309998,122515800
2023-05-01,163.169998,163.279999,158.830002,161.830002,109015000
2023-05-02,161.880005,165.490005,158.929993,160.309998,128259700
2023-05-03,160.009995,165.0,159.910004,160.610001,119728000
2023-05-04,162.710007,162.949997,159.649994,161.199997,95108500
2023-05-05,163.970001,170.789993,163.509995,170.059998,107607300
2023-05-08,173.720001,173.800003,169.190002,171.789993,112249400
2023-05-09,168.949997,169.820007,166.559998,169.149994,88965000
2023-05-10,172.550003,174.429993,166.679993,168.539993,119840700
2023-05-11,168.699997,173.570007,166.789993,172.080002,103889900
2023-05-12,176.070007,177.380005,167.229996,167.979996,157849600
2023-05-15,167.660004,169.759995,164.550003,166.350006,105592500
2023-05-16,165.649994,169.520004,164.350006,166.520004,98288800
2023-05-17,168.410004,174.5,167.190002,173.860001,125473600
2023-05-18,174.220001,177.059998,172.449997,176.889999,109520300
2023-05-19,177.169998,181.949997,176.309998,180.139999,136196700
2023-05-22,180.699997,189.320007,180.110001,188.869995,132001400
2023-05-23,186.199997,192.960007,185.259995,185.770004,156952100
2023-05-24,182.229996,184.220001,178.220001,182.899994,137605100
2023-05-25,186.539993,186.779999,180.580002,184.470001,96870700
2023-05-26,184.619995,198.600006,184.529999,193.169998,162061500
2023-05-30,200.100006,204.479996,197.529999,201.160004,128818700
2023-05-31,199.779999,203.949997,195.119995,203.929993,150711700
2023-06-01,202.589996,209.800003,199.369995,207.520004,148029900
2023-06-02,210.149994,217.25,209.75,213.970001,164398400
2023-06-05,217.800003,221.289993,214.520004,217.610001,151143100
2023-06-06,216.139999,221.910004,212.529999,221.309998,146911600
2023-06-07,228.0,230.830002,223.199997,224.570007,185710800
2023-06-08,224.220001,235.229996,223.009995,234.860001,164489700
2023-06-09,249.070007,252.419998,242.020004,244.399994,200242400
2023-06-12,247.940002,250.970001,244.589996,249.830002,150337900
2023-06-13,253.509995,259.679993,251.339996,258.709991,162384300
2023-06-14,260.170013,261.570007,250.5,256.790009,170575500
2023-06-15,248.399994,258.950012,247.289993,255.899994,160171200
2023-06-16,258.920013,263.600006,257.209991,260.540009,167915600
2023-06-20,261.5,274.75,261.119995,274.450012,165611200
2023-06-21,275.130005,276.98999,257.779999,259.459991,211797100
2023-06-22,250.770004,265.0,248.25,264.609985,166875900
2023-06-23,259.290009,262.450012,252.800003,256.600006,177460800
2023-06-26,250.070007,258.369995,240.699997,241.050003,179990600
2023-06-27,243.240005,250.389999,240.850006,250.210007,164968200
2023-06-28,249.699997,259.880005,248.889999,256.23999,159770800
2023-06-29,258.029999,260.73999,253.610001,257.5,131283400
2023-06-30,260.600006,264.450012,259.890015,261.769989,112620800
2023-07-03,276.48999,284.25,275.109985,279.820007,119685900
2023-07-05,278.820007,283.850006,277.600006,282.480011,131530900
2023-07-06,278.089996,279.970001,272.880005,276.540009,120332100
2023-07-07,278.429993,280.779999,273.769989,274.429993,113879200
2023-07-10,276.470001,277.519989,265.100006,269.609985,119425400
2023-07-11,268.649994,270.899994,266.369995,269.790009,91972400
2023-07-12,276.329987,276.519989,271.459991,271.98999,95672100
2023-07-13,274.589996,279.450012,270.600006,277.899994,112681500
2023-07-14,277.01001,285.299988,276.309998,281.380005,120062400
2023-07-17,286.630005,292.230011,283.570007,290.380005,131569600
2023-07-18,290.149994,295.26001,286.01001,293.339996,112120300
2023-07-19,296.040009,299.290009,289.519989,291.26001,142355400
2023-07-20,279.559998,280.929993,261.200012,262.899994,175158300
2023-07-21,268.0,268.0,255.800003,260.019989,161796100
2023-07-24,255.850006,269.850006,254.119995,269.059998,136508500
2023-07-25,272.380005,272.899994,265.0,265.279999,112757300
2023-07-26,263.25,268.040009,261.75,264.350006,95856200
2023-07-27,268.309998,269.130005,255.300003,255.710007,103697300
2023-07-28,259.859985,267.25,258.230011,266.440002,111446000
2023-07-31,267.480011,269.079987,263.779999,267.429993,84582200
2023-08-01,266.26001,266.470001,260.25,261.070007,83166000
2023-08-02,255.570007,259.519989,250.490005,254.110001,101752900
2023-08-03,252.039993,260.48999,252.0,259.320007,97569100
2023-08-04,260.970001,264.769989,253.110001,253.860001,99539900
2023-08-07,251.449997,253.649994,242.759995,251.449997,111097900
2023-08-08,247.449997,250.919998,245.009995,249.699997,96642200
2023-08-09,250.869995,251.100006,241.899994,242.190002,101596300
2023-08-10,245.399994,251.800003,243.0,245.339996,109498600
2023-08-11,241.770004,243.789993,238.020004,242.649994,99038600
2023-08-14,235.699997,240.660004,233.75,239.759995,98595300
2023-08-15,238.729996,240.5,232.610001,232.960007,88197600
2023-08-16,228.020004,233.970001,225.380005,225.600006,112484500
2023-08-17,226.059998,226.740005,218.830002,219.220001,120718400
2023-08-18,214.119995,217.580002,212.360001,215.490005,136276600
2023-08-21,221.550003,232.130005,220.580002,231.279999,135702700
2023-08-22,240.25,240.820007,229.550003,233.190002,130442800
2023-08-23,229.339996,238.979996,229.289993,236.860001,101077600
2023-08-24,238.660004,238.919998,228.179993,230.039993,99777400
2023-08-25,231.309998,239.0,230.350006,238.589996,106612200
2023-08-28,242.580002,244.380005,235.350006,238.820007,107673700
2023-08-29,238.580002,257.480011,237.770004,257.179993,134047600
2023-08-30,254.199997,260.51001,250.589996,256.899994,121988400
2023-08-31,255.979996,261.179993,255.050003,258.079987,108861700
2023-09-01,257.26001,259.079987,242.009995,245.009995,132541600
2023-09-05,245.0,258.0,244.860001,256.48999,129469600
2023-09-06,255.139999,255.389999,245.059998,251.919998,116959800
2023-09-07,245.070007,252.809998,243.270004,251.490005,115312900
2023-09-08,251.220001,256.519989,246.669998,248.5,118367700
2023-09-11,264.269989,274.850006,260.609985,273.579987,174667900
2023-09-12,270.76001,278.390015,266.600006,267.480011,135999900
2023-09-13,270.070007,274.980011,268.100006,271.299988,111673700
2023-09-14,271.320007,276.709991,270.420013,276.040009,107709800
2023-09-15,277.549988,278.980011,271.0,274.390015,133692300
2023-09-18,271.160004,271.440002,263.76001,265.279999,101543300
2023-09-19,264.350006,267.850006,261.200012,266.5,103704000
2023-09-20,267.040009,273.929993,262.459991,262.589996,122514600
2023-09-21,257.850006,260.859985,254.210007,255.699997,119951500
2023-09-22,257.399994,257.790009,244.479996,244.880005,127524100
2023-09-25,243.380005,247.100006,238.309998,246.990005,104636600
2023-09-26,242.979996,249.550003,241.660004,244.119995,101993600
2023-09-27,244.259995,245.330002,234.580002,240.5,136597200
2023-09-28,240.020004,247.550003,238.649994,246.380005,117058900
2023-09-29,250.0,254.770004,246.350006,250.220001,128522700
2023-10-02,244.809998,254.279999,242.619995,251.600006,123810400
2023-10-03,248.610001,250.020004,244.449997,246.529999,101985300
2023-10-04,248.139999,261.859985,247.600006,261.160004,129721600
2023-10-05,260.0,263.600006,256.25,260.049988,119159200
2023-10-06,253.979996,261.649994,250.649994,260.529999,118121800
2023-10-09,255.309998,261.359985,252.050003,259.670013,101377900
2023-10-10,257.75,268.940002,257.649994,263.619995,122656000
2023-10-11,266.200012,268.600006,260.899994,262.98999,103706300
2023-10-12,262.920013,265.410004,256.630005,258.869995,111508100
2023-10-13,258.899994,259.600006,250.220001,251.119995,102073800
2023-10-16,250.050003,255.399994,248.479996,253.919998,88917200
2023-10-17,250.100006,257.179993,247.080002,254.850006,93562900
2023-10-18,252.699997,254.630005,242.080002,242.679993,125147800
2023-10-19,225.949997,230.610001,216.779999,220.110001,170772700
2023-10-20,217.009995,218.860001,210.419998,211.990005,138010100
2023-10-23,210.0,216.979996,202.509995,212.080002,150683400
2023-10-24,216.5,222.050003,214.110001,216.520004,118231100
2023-10-25,215.880005,220.100006,212.199997,212.419998,107065100
2023-10-26,211.320007,214.800003,204.880005,205.759995,115112600
2023-10-27,210.600006,212.410004,205.770004,207.300003,94881200
2023-10-30,209.279999,210.880005,194.669998,197.360001,136448200
2023-10-31,196.119995,202.800003,194.070007,200.839996,118068300
2023-11-01,204.039993,205.990005,197.850006,205.660004,121661700
2023-11-02,212.970001,219.199997,211.449997,218.509995,125987600
2023-11-03,221.149994,226.369995,218.399994,219.960007,119534800
2023-11-06,223.979996,226.320007,215.0,219.270004,117335800
2023-11-07,219.979996,223.119995,215.720001,222.179993,116900100
2023-11-08,223.149994,224.149994,217.639999,222.110001,106584800
2023-11-09,219.75,220.800003,206.679993,209.979996,142110500
2023-11-10,210.029999,215.380005,205.690002,214.649994,130994000
2023-11-13,215.600006,225.399994,211.610001,223.710007,140447600
2023-11-14,235.029999,238.139999,230.720001,237.410004,149771600
2023-11-15,239.289993,246.699997,236.449997,242.839996,150354000
2023-11-16,239.490005,240.880005,230.960007,233.589996,136816800
2023-11-17,232.0,237.389999,226.539993,234.300003,142532800
2023-11-20,234.039993,237.100006,231.020004,235.600006,116320100
2023-11-21,235.039993,243.619995,233.339996,241.199997,122288000
2023-11-22,242.039993,244.009995,231.399994,234.210007,117950600
2023-11-24,233.75,238.75,232.330002,235.449997,65125200
2023-11-27,236.889999,238.330002,232.100006,236.080002,112031800
2023-11-28,236.679993,247.0,234.009995,246.720001,148549900
2023-11-29,249.210007,252.75,242.759995,244.139999,135401300
2023-11-30,245.139999,245.220001,236.910004,240.080002,132353200
2023-12-01,233.139999,240.190002,231.899994,238.830002,121331700
2023-12-04,235.75,239.369995,233.289993,235.580002,104099800
2023-12-05,233.869995,246.660004,233.699997,238.720001,137971100
2023-12-06,242.919998,246.570007,239.169998,239.369995,126436200
2023-12-07,241.550003,244.080002,236.979996,242.639999,107142300
2023-12-08,240.270004,245.270004,239.270004,243.839996,103126800
2023-12-11,242.740005,243.440002,237.449997,239.740005,97913900
2023-12-12,238.550003,238.990005,233.869995,237.009995,95328300
2023-12-13,234.190002,240.300003,228.199997,239.289993,146286300
2023-12-14,241.220001,253.880005,240.789993,251.050003,160829200
2023-12-15,251.210007,254.130005,248.300003,253.5,135932800
2023-12-18,253.779999,258.73999,251.360001,252.080002,116416500
2023-12-19,253.479996,258.339996,253.009995,257.220001,106737400
2023-12-20,256.410004,259.839996,247.0,247.139999,125097000
2023-12-21,251.899994,254.800003,248.550003,254.5,109594200
2023-12-22,256.76001,258.220001,251.369995,252.539993,93370100
2023-12-26,254.490005,257.970001,252.910004,256.609985,86892400
2023-12-27,258.350006,263.339996,257.519989,261.440002,106494400
2023-12-28,263.660004,265.130005,252.710007,253.179993,113619900
2023-12-29,255.100006,255.190002,247.429993,248.479996,100891600
2024-01-02,250.080002,251.25,244.410004,248.419998,104654200
2024-01-03,244.979996,245.679993,236.320007,238.449997,121082600
2024-01-04,239.25,242.699997,237.729996,237.929993,102629300
2024-01-05,236.860001,240.119995,234.899994,237.490005,92488900
2024-01-08,236.139999,241.25,235.300003,240.449997,85166600
2024-01-09,238.110001,238.960007,232.039993,234.960007,96705700
2024-01-10,235.100006,235.5,231.289993,233.940002,91628500
2024-01-11,230.570007,230.929993,225.369995,227.220001,105873600
2024-01-12,220.080002,225.339996,217.149994,218.889999,123043800
2024-01-16,215.100006,223.490005,212.179993,219.910004,115355000
2024-01-17,214.860001,215.669998,212.009995,215.550003,103164400
2024-01-18,216.880005,217.449997,208.740005,211.880005,108595400
2024-01-19,209.990005,213.190002,207.559998,212.190002,102260300
2024-01-22,212.259995,217.800003,206.270004,208.800003,117952500
2024-01-23,211.300003,215.649994,207.75,209.139999,106605900
2024-01-24,211.880005,212.729996,206.770004,207.830002,123369900
2024-01-25,189.699997,193.0,180.059998,182.630005,198076800
2024-01-26,185.5,186.779999,182.100006,183.25,107343200
2024-01-29,185.630005,191.479996,183.669998,190.929993,125013100
2024-01-30,195.330002,196.360001,190.610001,191.589996,109982300
2024-01-31,187.0,193.970001,185.850006,187.289993,103221400
2024-02-01,188.5,189.880005,184.279999,188.860001,91843300
2024-02-02,185.039993,188.690002,182.0,187.910004,110612700
2024-02-05,184.259995,184.679993,175.009995,181.059998,134294400
2024-02-06,177.210007,186.490005,177.110001,185.100006,122676000
2024-02-07,188.179993,189.789993,182.679993,187.580002,111535200
2024-02-08,189.0,191.619995,185.580002,189.559998,83034000
2024-02-09,190.179993,194.119995,189.479996,193.570007,84476300
2024-02-12,192.110001,194.729996,187.279999,188.130005,95498600
2024-02-13,183.990005,187.259995,182.110001,184.020004,86759500
2024-02-14,185.300003,188.889999,183.350006,188.710007,81203000
2024-02-15,189.160004,200.880005,188.860001,200.449997,120831800
2024-02-16,202.059998,203.169998,197.399994,199.949997,111346700
2024-02-20,196.130005,198.600006,189.130005,193.759995,104545800
2024-02-21,193.360001,199.440002,191.949997,194.770004,103500300
2024-02-22,194.0,198.320007,191.360001,197.410004,92739500
2024-02-23,195.309998,197.570007,191.5,191.970001,78841900
2024-02-26,192.289993,201.779999,192.0,199.399994,111747100
2024-02-27,204.039993,205.600006,198.259995,199.729996,108645400
2024-02-28,200.419998,205.300003,198.440002,202.039993,99806200
2024-02-29,204.179993,205.279999,198.449997,201.880005,85907000
2024-03-01,200.520004,204.520004,198.5,202.639999,82243100
2024-03-04,198.729996,199.75,186.720001,188.139999,134334900
2024-03-05,183.050003,184.589996,177.570007,180.740005,119660800
2024-03-06,179.990005,181.580002,173.699997,176.539993,107920900
2024-03-07,174.350006,180.039993,173.699997,178.649994,102129000
2024-03-08,181.5,182.729996,174.699997,175.339996,85544600
2024-03-11,175.449997,182.869995,174.800003,177.770004,85391500
2024-03-12,177.770004,179.429993,172.410004,177.539993,87391700
2024-03-13,173.050003,176.050003,169.149994,169.479996,106524500
2024-03-14,167.770004,171.169998,160.509995,162.5,126325700
2024-03-15,163.160004,165.179993,160.759995,163.570007,97146800
2024-03-18,170.020004,174.720001,165.899994,173.800003,108214400
2024-03-19,172.360001,172.820007,167.419998,171.320007,77271400
2024-03-20,173.0,176.25,170.820007,175.660004,83846700
2024-03-21,176.389999,178.179993,171.800003,172.820007,73178000
2024-03-22,166.690002,171.199997,166.300003,170.830002,75580600
2024-03-25,168.759995,175.240005,168.729996,172.630005,74228600
2024-03-26,178.580002,184.25,177.380005,177.669998,113186200
2024-03-27,181.410004,181.910004,176.0,179.830002,81804000
2024-03-28,177.449997,179.570007,175.300003,175.789993,77654800
2024-04-01,176.169998,176.75,170.210007,175.220001,81562100
2024-04-02,164.75,167.690002,163.429993,166.630005,116650600
2024-04-03,164.020004,168.820007,163.279999,168.380005,82950100
2024-04-04,170.070007,177.190002,168.009995,171.110001,123162000
2024-04-05,169.080002,170.860001,160.509995,164.899994,143157600
2024-04-08,169.339996,174.5,167.789993,172.979996,104423300
2024-04-09,172.910004,179.220001,171.919998,176.880005,102951700
2024-04-10,173.039993,174.929993,170.009995,171.759995,84532400
2024-04-11,172.550003,175.880005,168.509995,174.600006,94516000
2024-04-12,172.339996,173.809998,170.360001,171.050003,64722700
2024-04-15,170.240005,170.690002,161.380005,161.479996,100245300
2024-04-16,156.740005,158.190002,153.75,157.110001,97000000
2024-04-17,157.639999,158.330002,153.779999,155.449997,82439700
2024-04-18,151.25,152.199997,148.699997,149.929993,96098800
2024-04-19,148.970001,150.940002,146.220001,147.050003,87074500
2024-04-22,140.559998,144.440002,138.800003,142.050003,107097600
2024-04-23,143.330002,147.259995,141.110001,144.679993,124545100
2024-04-24,162.839996,167.970001,157.509995,162.130005,181178000
2024-04-25,158.960007,170.880005,158.360001,170.179993,126427500
2024-04-26,168.850006,172.119995,166.369995,168.289993,109815700
2024-04-29,188.419998,198.869995,184.539993,194.050003,243869700
2024-04-30,186.979996,190.949997,182.839996,183.279999,127031800
2024-05-01,182.0,185.860001,179.009995,179.990005,92829700
2024-05-02,182.860001,184.600006,176.020004,180.009995,89148000
2024-05-03,182.100006,184.779999,178.419998,181.190002,75491500
2024-05-06,183.800003,187.559998,182.199997,184.759995,84390300
2024-05-07,182.399994,183.259995,177.399994,177.809998,75045900
2024-05-08,171.589996,176.059998,170.149994,174.720001,79969500
2024-05-09,175.009995,175.619995,171.369995,171.970001,65950300
2024-05-10,173.050003,173.059998,167.75,168.470001,72627200
2024-05-13,170.0,175.399994,169.0,171.889999,67018900
2024-05-14,174.5,179.490005,174.070007,177.550003,86407400
2024-05-15,179.899994,180.0,173.110001,173.990005,79663000
2024-05-16,174.100006,175.789993,171.429993,174.839996,59812200
2024-05-17,173.550003,179.630005,172.75,177.460007,77445800
2024-05-20,177.559998,177.75,173.520004,174.949997,61727400
2024-05-21,175.509995,186.880005,174.710007,186.600006,115266500
2024-05-22,182.850006,183.800003,178.119995,180.110001,88313500
2024-05-23,181.800003,181.899994,173.259995,173.740005,71975500
2024-05-24,174.839996,180.080002,173.729996,179.240005,65584500
2024-05-28,176.399994,178.25,173.160004,176.75,59736600
2024-05-29,174.190002,178.149994,173.929993,176.190002,54782600
2024-05-30,178.580002,182.669998,175.380005,178.789993,77618400
2024-05-31,178.5,180.320007,173.820007,178.080002,67314600
2024-06-03,178.130005,182.639999,174.490005,176.289993,68568900
2024-06-04,174.779999,177.759995,174.0,174.770004,60056300
2024-06-05,175.350006,176.149994,172.130005,175.0,57953800
2024-06-06,174.600006,179.729996,172.729996,177.940002,69887000
2024-06-07,176.130005,179.350006,175.580002,177.479996,56244900
2024-06-10,176.059998,178.570007,173.169998,173.789993,50774600
2024-06-11,173.919998,174.75,167.410004,170.660004,64761900
2024-06-12,171.119995,180.550003,169.800003,177.289993,90389400
2024-06-13,188.389999,191.080002,181.229996,182.470001,118984100
2024-06-14,185.800003,186.0,176.919998,178.009995,82038200
2024-06-17,177.919998,188.809998,177.0,187.440002,109786100
2024-06-18,186.559998,187.199997,182.369995,184.860001,68982300
2024-06-20,184.679993,185.210007,179.660004,181.570007,55893100
2024-06-21,182.300003,183.949997,180.690002,183.009995,61937300
2024-06-24,184.970001,188.800003,182.550003,182.580002,61992100
2024-06-25,184.399994,187.970001,182.009995,187.350006,62905700
2024-06-26,186.539993,197.759995,186.360001,196.369995,95737100
2024-06-27,195.169998,198.720001,194.050003,197.419998,72746500
2024-06-28,199.550003,203.199997,195.259995,197.880005,95438100
2024-07-01,201.020004,213.229996,200.850006,209.860001,135691400
2024-07-02,218.889999,231.300003,218.059998,231.259995,205047900
2024-07-03,234.559998,248.350006,234.25,246.389999,166561500
2024-07-05,249.809998,252.369995,242.460007,251.520004,154501200
2024-07-08,247.710007,259.440002,244.570007,252.940002,157219600
2024-07-09,251.0,265.609985,250.300003,262.329987,160210900
2024-07-10,262.799988,267.589996,257.859985,263.26001,128519400
2024-07-11,263.299988,271.0,239.649994,241.029999,221707300
2024-07-12,235.800003,251.839996,233.089996,248.229996,155955800
2024-07-15,255.970001,265.600006,251.729996,252.639999,146912900
2024-07-16,255.309998,258.619995,245.800003,256.559998,126332500
2024-07-17,252.729996,258.470001,246.179993,248.5,115584800
2024-07-18,251.089996,257.140015,247.199997,249.229996,110869000
2024-07-19,247.789993,249.440002,236.830002,239.199997,87403900
2024-07-22,244.210007,253.210007,243.75,251.509995,101225400
2024-07-23,253.600006,255.759995,245.630005,246.380005,111928200
2024-07-24,225.419998,225.990005,214.710007,215.990005,167942900
2024-07-25,216.800003,226.0,216.229996,220.25,100636500
2024-07-26,221.190002,222.279999,215.330002,219.800003,94604100
2024-07-29,224.899994,234.270004,224.699997,232.100006,129201800
2024-07-30,232.25,232.410004,220.0,222.619995,100560300
2024-07-31,227.899994,234.679993,226.789993,232.070007,67497000
2024-08-01,227.690002,231.869995,214.330002,216.860001,83861900
2024-08-02,214.880005,216.130005,205.779999,207.669998,82880100
2024-08-05,185.220001,203.880005,182.0,198.880005,100308800
2024-08-06,200.75,202.899994,192.669998,200.639999,73783900
2024-08-07,200.770004,203.490005,191.479996,191.759995,71159800
2024-08-08,195.699997,200.699997,192.039993,198.839996,65033900
2024-08-09,197.050003,200.880005,195.110001,200.0,58648300
2024-08-12,199.020004,199.259995,194.669998,197.490005,64044900
2024-08-13,198.470001,208.490005,197.059998,207.830002,76247400
2024-08-14,207.389999,208.440002,198.75,201.380005,70250000
2024-08-15,205.020004,215.880005,204.820007,214.139999,89848500
2024-08-16,211.149994,219.800003,210.800003,216.119995,88765100
2024-08-19,217.070007,222.979996,214.089996,222.720001,76435200
2024-08-20,224.880005,228.220001,219.559998,221.100006,74001200
2024-08-21,222.669998,224.660004,218.860001,223.270004,70146000
2024-08-22,223.820007,224.800003,210.320007,210.660004,79514500
2024-08-23,214.460007,221.479996,214.210007,220.320007,81525200
2024-08-26,218.75,219.089996,211.009995,213.210007,59301200
2024-08-27,213.25,215.660004,206.940002,209.210007,62821400
2024-08-28,209.720001,211.839996,202.589996,205.75,64116400
2024-08-29,209.800003,214.889999,205.970001,206.279999,62308800
2024-08-30,208.630005,214.570007,207.029999,214.110001,63370600
2024-09-03,215.259995,219.899994,209.639999,210.600006,76714200
2024-09-04,210.589996,222.220001,210.570007,219.410004,80651800
2024-09-05,223.490005,235.0,222.25,230.169998,119355000
2024-09-06,232.600006,233.600006,210.509995,210.729996,112177000
2024-09-09,216.199997,219.869995,213.669998,216.270004,67443500
2024-09-10,220.070007,226.399994,218.639999,226.169998,78891100
2024-09-11,224.550003,228.470001,216.800003,228.130005,83548600
2024-09-12,224.660004,231.449997,223.830002,229.809998,71894900
2024-09-13,228.0,232.669998,226.320007,230.289993,59515100
2024-09-16,229.300003,229.960007,223.529999,226.779999,54323000
2024-09-17,229.449997,234.570007,226.550003,227.869995,66761600
2024-09-18,230.089996,235.679993,226.880005,227.199997,78010200
2024-09-19,234.0,244.240005,232.130005,243.919998,102694600
2024-09-20,241.520004,243.990005,235.919998,238.25,99879100
2024-09-23,242.610001,250.0,241.919998,250.0,86927200
2024-09-24,254.080002,257.190002,249.050003,254.270004,88491000
2024-09-25,252.539993,257.049988,252.279999,257.019989,65034300
2024-09-26,260.600006,261.75,251.529999,254.220001,67142200
2024-09-27,257.380005,260.700012,254.119995,260.459991,70988100
2024-09-30,259.040009,264.859985,255.770004,261.630005,80705700
2024-10-01,262.670013,263.980011,248.529999,258.019989,87397600
2024-10-02,247.550003,251.160004,241.5,249.020004,93983900
2024-10-03,244.479996,249.789993,237.809998,240.660004,80729200
2024-10-04,246.690002,250.960007,244.580002,250.080002,86573200
2024-10-07,249.0,249.830002,240.699997,240.830002,68113300
2024-10-08,243.559998,246.210007,240.559998,244.5,56303200
2024-10-09,243.820007,247.429993,239.509995,241.050003,66289500
2024-10-10,241.809998,242.789993,232.339996,238.770004,83087100
2024-10-11,220.130005,223.339996,214.380005,217.800003,142628900
2024-10-14,220.130005,221.910004,213.740005,219.160004,86291900
2024-10-15,220.009995,224.259995,217.119995,219.570007,62988800
2024-10-16,221.399994,222.820007,218.929993,221.330002,49632800
2024-10-17,221.589996,222.080002,217.899994,220.889999,50791800
2024-10-18,220.710007,222.279999,219.229996,220.699997,49611900
2024-10-21,218.899994,220.479996,215.729996,218.850006,47329000
2024-10-22,217.309998,218.220001,215.259995,217.970001,43268700
2024-10-23,217.130005,218.720001,212.110001,213.649994,80938900
2024-10-24,244.679993,262.119995,242.649994,260.480011,204491900
2024-10-25,256.01001,269.48999,255.320007,269.190002,161611900
2024-10-28,270.0,273.540009,262.23999,262.51001,107653600
2024-10-29,264.51001,264.980011,255.509995,259.519989,80521800
2024-10-30,258.040009,263.350006,255.820007,257.549988,53993600
2024-10-31,257.98999,259.75,249.25,249.850006,66575300
2024-11-01,252.039993,254.0,246.630005,248.979996,57544800
2024-11-04,244.559998,248.899994,238.880005,242.839996,68802400
2024-11-05,247.339996,255.279999,246.210007,251.440002,69282500
2024-11-06,284.670013,289.589996,275.619995,288.529999,165228700
2024-11-07,288.890015,299.75,285.519989,296.910004,117309200
2024-11-08,299.140015,328.709991,297.660004,321.220001,204782800
2024-11-11,346.299988,358.640015,336.0,350.0,210521600
2024-11-12,342.73999,345.839996,323.309998,328.48999,155726000
2024-11-13,335.850006,344.600006,322.5,330.23999,125405600
2024-11-14,327.690002,329.980011,310.369995,311.179993,120726100
2024-11-15,310.570007,324.679993,309.220001,320.720001,114440300
2024-11-18,340.730011,348.549988,330.01001,338.73999,126085600
2024-11-19,335.76001,347.380005,332.75,346.0,88852500
2024-11-20,345.0,346.600006,334.299988,342.029999,66340700
2024-11-21,343.809998,347.98999,335.279999,339.640015,58011700
2024-11-22,341.089996,361.529999,337.700012,352.559998,89140700
2024-11-25,360.140015,361.929993,338.200012,338.589996,95890900
2024-11-26,341.0,346.959991,335.660004,338.230011,62295900
2024-11-27,341.799988,342.549988,326.589996,332.890015,57896400
2024-11-29,336.079987,345.450012,334.649994,345.160004,37167600
2024-12-02,352.380005,360.0,351.149994,357.089996,77986500
2024-12-03,351.799988,355.690002,348.200012,351.420013,58267200
2024-12-04,353.0,358.100006,348.600006,357.929993,50810900
2024-12-05,359.869995,375.429993,359.5,369.48999,81403600
2024-12-06,377.420013,389.48999,370.799988,389.220001,81455800
2024-12-09,397.609985,404.799988,378.01001,389.790009,96359200
2024-12-10,392.679993,409.730011,390.850006,400.98999,97563600
2024-12-11,409.700012,424.880005,402.380005,424.769989,104287600
2024-12-12,424.839996,429.299988,415.0,418.100006,87752200
2024-12-13,420.0,436.299988,415.709991,436.230011,89000200
2024-12-16,441.089996,463.190002,436.149994,463.019989,114083800
2024-12-17,475.899994,483.98999,457.51001,479.859985,131223000
2024-12-18,466.5,488.540009,427.01001,440.130005,149340800
2024-12-19,451.880005,456.359985,420.019989,436.170013,118566100
2024-12-20,425.51001,447.079987,417.640015,421.059998,132216200
2024-12-23,431.0,434.51001,415.410004,430.600006,72698100
2024-12-24,435.899994,462.779999,435.140015,462.279999,59551800
2024-12-26,465.160004,465.329987,451.019989,454.130005,76366400
2024-12-27,449.519989,450.0,426.5,431.660004,82666800
2024-12-30,419.399994,427.0,415.75,417.410004,64941000
2024-12-31,423.790009,427.929993,402.540009,403.839996,76825100
2025-01-02,390.100006,392.730011,373.040009,379.279999,109710700
2025-01-03,381.480011,411.880005,379.450012,410.440002,95423300
2025-01-06,423.200012,426.429993,401.700012,411.049988,85516500
2025-01-07,405.829987,414.329987,390.0,394.359985,75699500
2025-01-08,392.950012,402.5,387.399994,394.940002,73038800
2025-01-10,391.399994,399.279999,377.290009,394.73999,62287300
2025-01-13,383.209991,403.790009,380.070007,403.309998,67580500
2025-01-14,414.339996,422.640015,394.540009,396.359985,84565000
2025-01-15,409.899994,429.799988,405.660004,428.220001,81375500
2025-01-16,423.48999,424.0,409.130005,413.820007,68335200
2025-01-17,421.5,439.73999,419.75,426.5,94991400
2025-01-21,432.640015,433.200012,406.309998,424.070007,87320900
2025-01-22,416.809998,428.0,414.589996,415.109985,60963300
2025-01-23,416.059998,420.730011,408.950012,412.380005,50690600
2025-01-24,414.450012,418.880005,405.779999,406.579987,56427100
2025-01-27,394.799988,406.690002,389.0,397.149994,58125500
2025-01-28,396.910004,400.589996,386.5,398.089996,48910700
2025-01-29,395.209991,398.589996,384.480011,389.100006,68033600
2025-01-30,410.779999,412.5,384.410004,400.279999,98092900
2025-01-31,401.529999,419.98999,401.339996,404.600006,83283600
2025-02-03,386.679993,389.170013,374.359985,383.679993,93732100
2025-02-04,382.630005,394.0,381.399994,392.209991,57072200
2025-02-05,387.51001,388.390015,375.529999,378.170013,57223300
2025-02-06,373.029999,375.399994,363.179993,374.320007,77918200
2025-02-07,370.190002,380.549988,360.339996,361.619995,70298300
2025-02-10,356.209991,362.700012,350.51001,350.730011,77514900
2025-02-11,345.799988,349.369995,325.100006,328.5,118543400
2025-02-12,329.940002,346.399994,329.119995,336.51001,105382700
2025-02-13,345.0,358.690002,342.850006,355.940002,89441500
2025-02-14,360.619995,362.0,347.5,355.839996,68277300
2025-02-18,355.01001,359.100006,350.019989,354.109985,51631700
2025-02-19,354.0,367.339996,353.670013,360.559998,67094400
2025-02-20,361.51001,362.299988,348.0,354.399994,45965400
2025-02-21,353.440002,354.980011,334.420013,337.799988,74058600
2025-02-24,338.140015,342.399994,324.700012,330.529999,76052300
2025-02-25,327.019989,328.890015,297.25,302.799988,134228800
2025-02-26,303.709991,309.0,288.040009,290.799988,100118300
2025-02-27,291.160004,297.230011,280.880005,281.950012,101748200
2025-02-28,279.5,293.880005,273.600006,292.980011,115697000
2025-03-03,300.339996,303.940002,277.299988,284.649994,115551400
2025-03-04,270.929993,284.350006,261.839996,272.040009,126706600
2025-03-05,272.920013,279.549988,267.709991,279.100006,94042900
2025-03-06,272.059998,272.649994,260.019989,263.450012,98451600
2025-03-07,259.320007,266.25,250.729996,262.670013,102369600
2025-03-10,252.539993,253.369995,220.0,222.149994,189076900
2025-03-11,225.309998,237.059998,217.020004,230.580002,174896400
2025-03-12,247.220001,251.839996,241.100006,248.089996,142215700
2025-03-13,248.130005,248.289993,232.600006,240.679993,114813500
2025-03-14,247.309998,251.580002,240.729996,249.979996,100242300
2025-03-17,245.059998,245.399994,232.800003,238.009995,111900600
2025-03-18,228.160004,230.100006,222.279999,225.309998,111477600
2025-03-19,231.610001,241.410004,229.199997,235.860001,111993800
2025-03-20,233.350006,238.0,230.050003,236.259995,99028300
2025-03-21,234.990005,249.520004,234.550003,248.710007,132728700
2025-03-24,258.079987,278.640015,256.329987,278.390015,169079900
2025-03-25,283.600006,288.200012,271.279999,288.140015,150361500
2025-03-26,282.660004,284.899994,266.51001,272.059998,153629800
2025-03-27,272.480011,291.850006,271.820007,273.130005,162572100
2025-03-28,275.579987,276.100006,260.570007,263.549988,123809400
2025-03-31,249.309998,260.559998,243.360001,259.160004,134008900
2025-04-01,263.799988,277.450012,259.25,268.459991,146486900
2025-04-02,254.600006,284.98999,251.270004,282.76001,212787800
2025-04-03,265.290009,276.299988,261.51001,267.279999,136174300
2025-04-04,255.380005,261.0,236.0,239.429993,181229400
2025-04-07,223.779999,252.0,214.25,233.289993,183453800
2025-04-08,245.0,250.440002,217.800003,221.860001,171603500
2025-04-09,224.690002,274.690002,223.880005,272.200012,219433400
2025-04-10,260.0,262.48999,239.330002,252.399994,181722600
2025-04-11,251.839996,257.73999,241.360001,252.309998,128948100
2025-04-14,258.359985,261.799988,245.929993,252.350006,100135200
2025-04-15,249.910004,258.75,247.539993,254.110001,79594300
2025-04-16,247.610001,251.970001,233.889999,241.550003,112378700
2025-04-17,243.470001,244.339996,237.679993,241.369995,83404800
2025-04-21,230.259995,232.210007,222.789993,227.5,97768000
2025-04-22,230.960007,242.789993,229.850006,237.970001,120858500
2025-04-23,254.860001,259.450012,244.429993,250.740005,150381900
2025-04-24,250.5,259.540009,249.199997,259.51001,94464200
2025-04-25,261.690002,286.850006,259.630005,284.950012,167560700
2025-04-28,288.980011,294.859985,272.420013,285.880005,151731800
2025-04-29,285.5,293.320007,279.470001,292.029999,108906600
2025-04-30,279.899994,284.450012,270.779999,282.160004,128961100
2025-05-01,280.01001,290.869995,279.809998,280.519989,99659000
2025-05-02,284.899994,294.779999,279.809998,287.209991,114454700
2025-05-05,284.570007,284.850006,274.399994,280.26001,94618900
2025-05-06,273.109985,277.730011,271.350006,275.350006,76715800
2025-05-07,276.880005,277.920013,271.0,276.220001,71592600
2025-05-08,279.630005,289.799988,279.410004,284.820007,97539400
2025-05-09,290.209991,307.040009,290.0,298.26001,132387800
2025-05-12,321.98999,322.209991,311.5,318.380005,112826700
2025-05-13,320.0,337.589996,316.799988,334.070007,136992600
2025-05-14,342.5,350.0,337.0,347.679993,136997300
2025-05-15,340.339996,346.140015,334.720001,342.820007,97882600
2025-05-16,346.23999,351.619995,342.329987,349.980011,95895700
2025-05-19,336.299988,343.0,333.369995,342.089996,88869900
2025-05-20,347.869995,354.98999,341.630005,343.820007,131715500
2025-05-21,344.429993,347.350006,332.200012,334.619995,102354800
2025-05-22,331.899994,347.269989,331.390015,341.040009,97113400
2025-05-23,337.920013,343.179993,333.209991,339.339996,84654800
2025-05-27,347.350006,363.790009,347.320007,362.890015,120146400
2025-05-28,364.839996,365.0,355.910004,356.899994,91404300
2025-05-29,365.290009,367.709991,356.0,358.429993,88087800
2025-05-30,355.519989,363.679993,345.290009,346.459991,123474900
2025-06-02,343.5,348.019989,333.329987,342.690002,81873800
2025-06-03,346.600006,355.399994,343.040009,344.269989,99324500
2025-06-04,345.100006,345.600006,327.329987,332.049988,98912100
2025-06-05,322.48999,324.549988,273.209991,284.700012,287499800
2025-06-06,298.829987,305.5,291.140015,295.140015,164747700
2025-06-09,285.959991,309.829987,281.850006,308.579987,140908900
2025-06-10,314.940002,327.829987,310.670013,326.089996,151256500
2025-06-11,334.399994,335.5,322.5,326.429993,122611400
2025-06-12,323.079987,332.559998,316.859985,319.109985,105127500
2025-06-13,313.970001,332.98999,313.299988,325.309998,128964300
2025-06-16,331.290009,332.049988,326.410004,329.130005,83925900
2025-06-17,326.089996,327.26001,314.73999,316.350006,88282700
2025-06-18,317.309998,329.320007,315.450012,322.049988,95137700
2025-06-20,327.950012,332.359985,317.779999,322.160004,108688000
2025-06-23,327.540009,357.540009,327.480011,348.679993,190716800
2025-06-24,356.170013,356.26001,340.440002,340.470001,114736200
2025-06-25,342.700012,343.0,320.399994,327.549988,119845100
2025-06-26,324.609985,331.049988,323.609985,325.779999,80440900
2025-06-27,324.51001,329.339996,317.5,323.630005,89067000
2025-06-30,319.899994,325.579987,316.600006,317.660004,76695100
2025-07-01,298.459991,305.890015,293.209991,300.709991,145085700
2025-07-02,312.630005,316.829987,303.820007,315.649994,119483700
2025-07-03,317.98999,318.450012,312.76001,315.350006,58042300
2025-07-07,291.369995,296.149994,288.769989,293.940002,131177900
2025-07-08,297.0,304.049988,294.350006,297.809998,103246700
2025-07-09,297.549988,300.149994,293.549988,295.880005,75586800
2025-07-10,300.049988,310.480011,300.0,309.869995,104365300
2025-07-11,307.890015,314.089996,305.649994,313.51001,79236400
2025-07-14,317.730011,322.600006,312.670013,316.899994,78043400
2025-07-15,319.679993,321.200012,310.5,310.779999,77556300
2025-07-16,312.799988,323.5,312.619995,321.670013,97284800
2025-07-17,323.149994,324.339996,317.059998,319.410004,73922900
2025-07-18,321.660004,330.899994,321.420013,329.649994,94255000
2025-07-21,334.399994,338.0,326.880005,328.48999,75768800
2025-07-22,329.73999,335.410004,321.549988,332.109985,77370400
2025-07-23,330.899994,336.200012,328.670013,332.559998,92553800
2025-07-24,310.0,310.149994,300.410004,305.299988,156966000
2025-07-25,308.73999,323.630005,308.01001,316.059998,148227000
2025-07-28,318.450012,330.48999,315.690002,325.589996,112673800
2025-07-29,325.549988,326.25,318.25,321.200012,87358900
2025-07-30,322.179993,324.450012,311.619995,319.040009,83931900
2025-07-31,319.609985,321.369995,306.100006,308.269989,85270900
2025-08-01,306.209991,309.309998,297.820007,302.630005,89121400
2025-08-04,309.079987,312.119995,303.0,309.26001,78683900
2025-08-05,308.950012,312.450012,305.5,308.720001,57961300
2025-08-06,307.890015,320.470001,306.929993,319.910004,78523600
2025-08-07,319.790009,322.399994,316.160004,322.269989,66658700
2025-08-08,321.429993,335.149994,320.980011,329.649994,91200300
2025-08-11,335.0,346.640015,334.149994,339.029999,105320200
2025-08-12,345.0,345.26001,332.940002,340.839996,80522100
2025-08-13,341.5,348.980011,338.200012,339.380005,67838900
2025-08-14,335.76001,340.470001,330.399994,335.579987,75000700
2025-08-15,337.660004,339.299988,327.019989,330.559998,74319800
2025-08-18,329.619995,336.269989,329.589996,335.160004,56956600
2025-08-19,335.790009,340.549988,327.850006,329.309998,75956000
2025-08-20,329.220001,331.369995,314.600006,323.899994,77481800
2025-08-21,322.079987,324.899994,318.679993,320.109985,55744400
2025-08-22,321.660004,340.25,319.690002,340.01001,94016300
2025-08-25,338.899994,349.529999,335.029999,346.600006,86670000
2025-08-26,344.929993,351.899994,343.720001,351.670013,76651600
2025-08-27,351.940002,355.390015,349.160004,349.600006,65519000
2025-08-28,350.910004,353.549988,340.26001,345.980011,67903200
2025-08-29,347.230011,348.75,331.700012,333.869995,81145700
2025-09-02,328.230011,333.329987,325.600006,329.359985,58392000
2025-09-03,335.200012,343.329987,328.51001,334.089996,88733300
2025-09-04,336.149994,338.890015,331.480011,338.529999,60711000
2025-09-05,348.0,355.869995,344.679993,350.839996,108989800
2025-09-08,354.640015,358.440002,344.839996,346.399994,75208300
2025-09-09,348.440002,350.769989,343.820007,346.970001,53816000
2025-09-10,350.549988,356.329987,346.070007,347.790009,72121700
2025-09-11,350.170013,368.98999,347.600006,368.809998,103756000
2025-09-12,370.940002,396.690002,370.23999,395.940002,168156400
2025-09-15,423.130005,425.700012,402.429993,410.040009,163823700
2025-09-16,414.5,423.25,411.429993,421.619995,104285700
2025-09-17,415.75,428.309998,409.670013,425.859985,106133500
2025-09-18,428.869995,432.220001,416.559998,416.850006,90454500
2025-09-19,421.820007,429.470001,421.720001,426.070007,93131000
2025-09-22,431.109985,444.980011,429.130005,434.209991,97108800
2025-09-23,439.880005,440.970001,423.720001,425.850006,83422700
2025-09-24,429.829987,444.209991,429.029999,442.790009,93133600
2025-09-25,435.23999,435.350006,419.079987,423.390015,96746400
2025-09-26,428.299988,440.470001,421.019989,440.399994,101628200
2025-09-29,444.350006,450.980011,439.5,443.209991,79491500
2025-09-30,441.519989,445.0,433.119995,444.720001,74358000
2025-10-01,443.799988,462.290009,440.75,459.459991,98122300
2025-10-02,470.540009,470.75,435.570007,436.0,137009000
2025-10-03,443.290009,446.769989,416.579987,429.829987,133188200
2025-10-06,440.75,453.549988,436.690002,453.25,85324900
2025-10-07,447.820007,452.679993,432.450012,433.089996,102296100
2025-10-08,437.570007,441.329987,425.230011,438.690002,71192100
2025-10-09,431.809998,436.350006,426.179993,435.540009,69339900
2025-10-10,436.540009,443.130005,411.450012,413.48999,112107900
2025-10-13,423.529999,436.890015,419.700012,435.899994,79552800
2025-10-14,426.790009,434.200012,417.859985,429.23999,72669400
2025-10-15,434.899994,440.51001,426.329987,435.149994,71558200
2025-10-16,434.730011,439.350006,421.309998,428.75,77189900
2025-10-17,425.5,441.459991,423.600006,439.309998,89331600
2025-10-20,443.869995,449.799988,440.609985,447.429993,63719000
2025-10-21,445.76001,449.299988,442.049988,442.600006,54412200
2025-10-22,443.450012,445.540009,429.0,438.970001,84023500
2025-10-23,420.0,449.399994,413.899994,448.980011,126709800
2025-10-24,446.829987,451.679993,430.170013,433.720001,94727800
2025-10-27,439.980011,460.160004,438.690002,452.420013,105867500
2025-10-28,454.779999,467.0,451.600006,460.549988,80185700
2025-10-29,462.5,465.700012,452.649994,461.51001,67983500
2025-10-30,451.049988,455.059998,439.609985,440.100006,72447900
2025-10-31,446.75,458.0,443.690002,456.559998,83135800
2025-11-03,455.98999,474.070007,453.799988,468.369995,84595200
2025-11-04,454.459991,460.220001,443.600006,444.26001,87756600
2025-11-05,452.049988,466.329987,440.709991,462.070007,85573000
2025-11-06,461.959991,467.450012,435.089996,445.910004,109622900
2025-11-07,437.920013,439.359985,421.880005,429.519989,103471500
2025-11-10,439.600006,449.670013,433.359985,445.230011,76515900
2025-11-11,439.399994,442.48999,432.359985,439.619995,60533200
2025-11-12,442.149994,442.329987,426.559998,430.600006,58513500
2025-11-13,423.130005,424.5,396.339996,401.98999,118948000
2025-11-14,386.299988,412.190002,382.779999,404.350006,105506700
2025-11-17,398.73999,423.959991,398.73999,408.920013,102214300
2025-11-18,405.380005,408.899994,393.709991,401.25,80688600
2025-11-19,406.179993,411.779999,398.5,403.98999,72047700
2025-11-20,414.630005,428.940002,394.73999,395.230011,113548800
2025-11-21,402.320007,402.799988,383.76001,391.089996,100460600
2025-11-24,402.170013,421.720001,401.089996,417.779999,96806400
2025-11-25,414.420013,420.480011,405.950012,419.399994,71915600
2025-11-26,423.950012,426.940002,416.890015,426.579987,63463000
2025-11-28,426.589996,432.929993,426.200012,430.170013,36252900
2025-12-01,425.320007,433.660004,425.290009,430.140015,57463600
2025-12-02,430.809998,436.799988,422.119995,429.23999,69336600
2025-12-03,432.100006,447.920013,431.109985,446.73999,87483000
2025-12-04,449.940002,454.630005,445.390015,454.529999,71906500
2025-12-05,453.029999,458.869995,451.660004,455.0,56427500
2025-12-08,447.450012,449.75,435.25,439.579987,69165800
2025-12-09,437.540009,452.390015,435.700012,445.170013,62367400
2025-12-10,446.070007,456.880005,443.609985,451.450012,63257500
2025-12-11,448.950012,449.269989,440.329987,446.890015,55979500
2025-12-12,448.089996,463.01001,441.670013,458.959991,95656700
2025-12-15,469.440002,481.769989,467.660004,475.309998,114542200
2025-12-16,472.209991,491.5,465.829987,489.880005,107608100
2025-12-17,488.220001,495.279999,466.200012,467.26001,106490400
2025-12-18,478.160004,490.859985,473.119995,483.369995,95168400
2025-12-19,488.119995,490.48999,474.720001,481.200012,103305400
2025-12-22,489.880005,498.829987,485.329987,488.730011,86916100
2025-12-23,489.399994,491.970001,482.839996,485.559998,58223600
2025-12-24,488.480011,490.899994,476.799988,485.399994,41285400
2025-12-26,485.230011,489.089996,473.820007,475.190002,58780700
2025-12-29,469.0,469.399994,459.0,459.640015,66263000
2025-12-30,461.089996,463.119995,453.829987,454.429993,59238500
2025-12-31,456.100006,456.549988,449.299988,449.720001,49078000
